Seller_id,Seller_zipcode_prefix,Seller_city,Seller_state
SELLER_0000,13023,campinas,SP
SELLER_0001,13844,mogi guacu,SP
SELLER_0002,12914,braganca paulista,SP
SELLER_0003,20920,rio de janeiro,RJ
SELLER_0004,55325,brejao,PE
SELLER_0005,16304,penapolis,SP
SELLER_0006,1529,sao paulo,SP
SELLER_0007,80310,curitiba,PR
SELLER_0008,75110,anapolis,GO
SELLER_0009,13530,itirapina,SP
SELLER_0010,1222,sao paulo,SP
SELLER_0011,88705,tubarao,SC
SELLER_0012,42738,lauro de freitas,BA
SELLER_0013,88780,imbituba,SC
SELLER_0014,70740,brasilia,DF
SELLER_0015,45810,porto seguro,BA
SELLER_0016,5138,sao paulo,SP
SELLER_0017,11440,guaruja,SP
SELLER_0018,14910,tabatinga,SP
SELLER_0019,4156,sao paulo,SP
SELLER_0020,13320,salto,SP
SELLER_0021,98910,tres de maio,RS
SELLER_0022,30494,belo horizonte,MG
SELLER_0023,9850,sao bernardo do campo,SP
SELLER_0024,4857,sao paulo,SP
SELLER_0025,18500,tatui,SP
SELLER_0026,80210,curitiba,PR
SELLER_0027,2261,sao paulo,SP
SELLER_0028,88495,garopaba,SC
SELLER_0029,3562,sao paulo,SP
SELLER_0030,37650,camanducaia,MG
SELLER_0031,17602,tupa,SP
SELLER_0032,7241,guarulhos,SP
SELLER_0033,3445,sao paulo,SP
SELLER_0034,4133,sao paulo,SP
SELLER_0035,72233,brasilia,DF
SELLER_0036,70645,brasilia,DF
SELLER_0037,88730,sao ludgero,SC
SELLER_0038,88075,sao jose,SC
SELLER_0039,13416,piracicaba,SP
SELLER_0040,90850,porto alegre,RS
SELLER_0041,37584,congonhal,MG
SELLER_0042,31555,belo horizonte,MG
SELLER_0043,9251,santo andre,SP
SELLER_0044,4705,sao paulo,SP
SELLER_0045,6144,osasco,SP
SELLER_0046,13270,valinhos,SP
SELLER_0047,89214,joinville,SC
SELLER_0048,11446,guaruja,SP
SELLER_0049,28990,saquarema,RJ
SELLER_0050,88390,barra velha,SC
SELLER_0051,25730,petropolis,RJ
SELLER_0052,95500,santo antonio da patrulha,RS
SELLER_0053,84010,ponta grossa,PR
SELLER_0054,6544,santana de parnaiba,SP
SELLER_0055,9121,santo andre,SP
SELLER_0056,13568,sao carlos,SP
SELLER_0057,6056,osasco,SP
SELLER_0058,14940,ibitinga,SP
SELLER_0059,5741,sao paulo,SP
SELLER_0060,83010,sao jose dos pinhais,PR
SELLER_0061,3702,sao paulo,SP
SELLER_0062,6429,barueri,SP
SELLER_0063,3569,sao paulo,SP
SELLER_0064,89207,joinville,SC
SELLER_0065,38440,araguari,MG
SELLER_0066,32180,contagem,MG
SELLER_0067,89258,jaragua do sul,SC
SELLER_0068,14940,ibitinga,SP
SELLER_0069,9715,sao bernardo do campo,SP
SELLER_0070,88501,lages - sc,SC
SELLER_0071,95711,bento goncalves,RS
SELLER_0072,9400,ribeirao pires,SP
SELLER_0073,4726,sao paulo,SP
SELLER_0074,14882,jaboticabal,SP
SELLER_0075,19830,echapora,SP
SELLER_0076,6713,cotia,SP
SELLER_0077,89160,rio do sul,SC
SELLER_0078,4275,sao paulo,SP
SELLER_0079,18040,sorocaba,SP
SELLER_0080,21235,rio de janeiro,RJ
SELLER_0081,14850,pradopolis,SP
SELLER_0082,22420,rio de janeiro,RJ
SELLER_0083,1125,sao paulo,SP
SELLER_0084,24813,itaborai,RJ
SELLER_0085,5786,sao paulo,SP
SELLER_0086,15137,mirassol,SP
SELLER_0087,16200,birigui,SP
SELLER_0088,31730,belo horizonte,MG
SELLER_0089,20060,rio de janeiro,RJ
SELLER_0090,14940,ibitinga,SP
SELLER_0091,12401,sao paulo,SP
SELLER_0092,1425,sao paulo,SP
SELLER_0093,19803,assis,SP
SELLER_0094,13820,jaguariuna,SP
SELLER_0095,14801,araraquara,SP
SELLER_0096,27963,macae,RJ
SELLER_0097,13320,salto,SP
SELLER_0098,13504,rio claro,SP
SELLER_0099,86039,londrina,PR
SELLER_0100,5101,sao paulo,SP
SELLER_0101,14010,ribeirao preto,SP
SELLER_0102,37410,tres coracoes,MG
SELLER_0103,4248,sao paulo,SP
SELLER_0104,14940,ibitinga,SP
SELLER_0105,3514,sao paulo,SP
SELLER_0106,71070,brasilia,DF
SELLER_0107,1044,sao paulo,SP
SELLER_0108,70384,brasilia,DF
SELLER_0109,2310,sao paulo,SP
SELLER_0110,2016,sao paulo,SP
SELLER_0111,78095,cuiaba,MT
SELLER_0112,13575,sao carlos,SP
SELLER_0113,1040,sao paulo,SP
SELLER_0114,3322,sao paulo,SP
SELLER_0115,20261,rio de janeiro,RJ
SELLER_0116,85830,formosa do oeste,PR
SELLER_0117,23550,rio de janeiro,RJ
SELLER_0118,11085,santos,SP
SELLER_0119,3417,sao paulo,SP
SELLER_0120,76500,santa terezinha de goias,GO
SELLER_0121,8260,sao paulo,SP
SELLER_0122,95995,arvorezinha,RS
SELLER_0123,4674,sao paulo,SP
SELLER_0124,14020,ribeirao preto,SP
SELLER_0125,36525,guiricema,MG
SELLER_0126,95072,caxias do sul,RS
SELLER_0127,81030,curitiba,PR
SELLER_0128,40243,salvador,BA
SELLER_0129,9951,diadema,SP
SELLER_0130,8573,itaquaquecetuba,SP
SELLER_0131,18682,lencois paulista,SP
SELLER_0132,7091,guarulhos,SP
SELLER_0133,6341,carapicuiba,SP
SELLER_0134,76400,uruacu,GO
SELLER_0135,88301,itajai,SC
SELLER_0136,3280,sao paulo,SP
SELLER_0137,1545,sao paulo,SP
SELLER_0138,80620,curitiba,PR
SELLER_0139,87900,loanda,PR
SELLER_0140,3186,sao paulo,SP
SELLER_0141,19400,sao paulo,SP
SELLER_0142,2839,sao paulo,SP
SELLER_0143,87014,maringa,PR
SELLER_0144,1207,sao paulo,SP
SELLER_0145,1411,sao paulo,SP
SELLER_0146,30190,belo horizonte,MG
SELLER_0147,13481,limeira,SP
SELLER_0148,11040,santos,SP
SELLER_0149,6436,barueri,SP
SELLER_0150,2310,sao paulo,SP
SELLER_0151,35530,claudio,MG
SELLER_0152,14080,ribeirao preto,SP
SELLER_0153,24355,niteroi,RJ
SELLER_0154,17700,osvaldo cruz,SP
SELLER_0155,6380,carapicuiba,SP
SELLER_0156,6016,osasco,SP
SELLER_0157,24451,sao goncalo,RJ
SELLER_0158,88330,balenario camboriu,SC
SELLER_0159,4009,sao paulo,SP
SELLER_0160,89120,timbo,SC
SELLER_0161,14075,ribeirao preto,SP
SELLER_0162,5424,sao paulo,SP
SELLER_0163,99730,jacutinga,RS
SELLER_0164,60440,fortaleza,CE
SELLER_0165,7242,guarulhos,SP
SELLER_0166,7051,guarulhos,SP
SELLER_0167,8517,ferraz de  vasconcelos,SP
SELLER_0168,16800,mirandopolis,SP
SELLER_0169,89228,joinville,SC
SELLER_0170,17056,bauru,SP
SELLER_0171,12308,jacarei,SP
SELLER_0172,13304,itu,SP
SELLER_0173,85301,laranjeiras do sul,SP
SELLER_0174,3554,sao paulo,SP
SELLER_0175,89560,videira,SC
SELLER_0176,88058,florianopolis,SC
SELLER_0177,6853,itapecerica da serra,SP
SELLER_0178,58280,mamanguape,PB
SELLER_0179,8490,sao paulo,SP
SELLER_0180,35430,ponte nova,MG
SELLER_0181,87360,goioere,SP
SELLER_0182,17280,pederneiras,SP
SELLER_0183,6653,itapevi,SP
SELLER_0184,74563,goiania,GO
SELLER_0185,21820,rio de janeiro,RJ
SELLER_0186,1026,sao paulo,SP
SELLER_0187,3308,sao paulo,SP
SELLER_0188,95070,caxias do sul,RS
SELLER_0189,58400,campina grande,PB
SELLER_0190,93608,estancia velha,RS
SELLER_0191,27525,resende,RJ
SELLER_0192,89251,jaragua do sul,SC
SELLER_0193,2215,sao paulo,SP
SELLER_0194,5524,sao paulo,SP
SELLER_0195,22790,rio de janeiro,RJ
SELLER_0196,8041,sao paulo,SP
SELLER_0197,5715,sao paulo,SP
SELLER_0198,88032,florianopolis,SC
SELLER_0199,18055,sorocaba,SP
SELLER_0200,2112,sao paulo,SP
SELLER_0201,14075,ribeirao preto,SP
SELLER_0202,18048,sorocaba,SP
SELLER_0203,9336,maua,SP
SELLER_0204,17030,bauru,SP
SELLER_0205,17052,bauru,SP
SELLER_0206,30620,belo horizonte,MG
SELLER_0207,13327,salto,SP
SELLER_0208,74343,goiania,GO
SELLER_0209,35300,caratinga,MG
SELLER_0210,21240,rio de janeiro,RJ
SELLER_0211,14407,franca,SP
SELLER_0212,16500,cafelandia,SP
SELLER_0213,2518,sao paulo,SP
SELLER_0214,14050,ribeirao preto,SP
SELLER_0215,88730,sao ludgero,SC
SELLER_0216,36502,uba,MG
SELLER_0217,9751,sao bernardo do campo,SP
SELLER_0218,14940,ibitinga,SP
SELLER_0219,87035,maringa,PR
SELLER_0220,13064,campinas,SP
SELLER_0221,21020,rio de janeiro,RJ
SELLER_0222,13660,porto ferreira,SP
SELLER_0223,95660,tres coroas,RS
SELLER_0224,9080,santo andre,SP
SELLER_0225,89031,blumenau,SC
SELLER_0226,9110,santo andre,SP
SELLER_0227,9230,santo andre,SP
SELLER_0228,3951,sao paulo,SP
SELLER_0229,89070,blumenau,SC
SELLER_0230,11013,santos,SP
SELLER_0231,15155,jaci,SP
SELLER_0232,35530,claudio,MG
SELLER_0233,74045,goiania,GO
SELLER_0234,18500,laranjal paulista,SP
SELLER_0235,18048,sorocaba,SP
SELLER_0236,1126,sao paulo,SP
SELLER_0237,13478,americana,SP
SELLER_0238,2739,sao paulo,SP
SELLER_0239,20921,rio de janeiro,RJ
SELLER_0240,86170,sertanopolis,SP
SELLER_0241,14940,ibitinga,SP
SELLER_0242,86808,apucarana,PR
SELLER_0243,15046,sao jose do rio preto,SP
SELLER_0244,22230,rio de janeiro,RJ
SELLER_0245,4102,sao paulo,SP
SELLER_0246,16301,penapolis,SP
SELLER_0247,24020,niteroi,RJ
SELLER_0248,89204,joinville,SC
SELLER_0249,83408,colombo,PR
SELLER_0250,11450,vicente de carvalho,SP
SELLER_0251,26562,mesquita,RJ
SELLER_0252,86010,londrina,PR
SELLER_0253,88056,florianopolis,SC
SELLER_0254,30550,belo horizonte,MG
SELLER_0255,2820,sao paulo,SP
SELLER_0256,85802,cascavel,PR
SELLER_0257,83830,fazenda rio grande,PR
SELLER_0258,1550,sao paulo,SP
SELLER_0259,22783,rio de janeiro,RJ
SELLER_0260,81070,curitiba,PR
SELLER_0261,4716,sao paulo,SP
SELLER_0262,12233,sao jose dos campos,SP
SELLER_0263,7084,guarulhos,SP
SELLER_0264,3384,sao paulo,SP
SELLER_0265,85903,toledo,PR
SELLER_0266,82510,curitiba,PR
SELLER_0267,15081,sao jose do rio preto,SP
SELLER_0268,8411,sao paulo,SP
SELLER_0269,17047,bauru,SP
SELLER_0270,11045,santos,SP
SELLER_0271,85960,marechal candido rondon,SP
SELLER_0272,80010,curitiba,PR
SELLER_0273,8710,mogi das cruzes,SP
SELLER_0274,91130,porto alegre,RS
SELLER_0275,12238,sao jose dos campos,SP
SELLER_0276,6236,osasco,SP
SELLER_0277,13203,jundiai,SP
SELLER_0278,83800,mandirituba,PR
SELLER_0279,3551,sao paulo,SP
SELLER_0280,8655,suzano,SP
SELLER_0281,33200,vespasiano,MG
SELLER_0282,80040,curitiba,PR
SELLER_0283,1417,sao paulo,SP
SELLER_0284,98780,santa rosa,RS
SELLER_0285,15015,sao jose do rio preto,SP
SELLER_0286,14600,sao joaquim da barra,SP
SELLER_0287,5125,sao paulo,SP
SELLER_0288,81050,curitiba,PR
SELLER_0289,13830,santo antonio de posse,SP
SELLER_0290,1212,sao paulo,SP
SELLER_0291,97502,uruguaiana,RS
SELLER_0292,80215,curitiba,PR
SELLER_0293,6703,cotia,SP
SELLER_0294,13480,limeira,SP
SELLER_0295,37400,campanha,MG
SELLER_0296,14940,ibitinga,SP
SELLER_0297,4811,sao paulo,SP
SELLER_0298,75640,piracanjuba,GO
SELLER_0299,3306,sao paulo,SP
SELLER_0300,95034,caxias do sul,RS
SELLER_0301,30640,belo horizonte,MG
SELLER_0302,89701,concordia,SC
SELLER_0303,2880,sao paulo,SP
SELLER_0304,3688,sao paulo,SP
SELLER_0305,37540,santa rita do sapucai,MG
SELLER_0306,81925,curitiba,PR
SELLER_0307,6246,osasco,SP
SELLER_0308,80240,curitiba,PR
SELLER_0309,14780,barretos,SP
SELLER_0310,26525,nilopolis,RJ
SELLER_0311,17580,pompeia,SP
SELLER_0312,44895,barro alto,BA
SELLER_0313,13840,mogi guacu,SP
SELLER_0314,4557,saÌƒo paulo,SP
SELLER_0315,4311,sao paulo,SP
SELLER_0316,11702,praia grande,SP
SELLER_0317,14406,franca,SP
SELLER_0318,22783,rio de janeiro,SP
SELLER_0319,89128,luiz alves,SC
SELLER_0320,2036,sao paulo,SP
SELLER_0321,6038,osasco,SP
SELLER_0322,88351,brusque,SC
SELLER_0323,88804,criciuma,SC
SELLER_0324,5729,sao paulo,SP
SELLER_0325,6519,santana de parnaiba,SP
SELLER_0326,89222,joinville,SC
SELLER_0327,2252,sao paulo,SP
SELLER_0328,7179,guarulhos,SP
SELLER_0329,31050,belo horizonte,MG
SELLER_0330,13480,limeira,SP
SELLER_0331,15805,catanduva,SP
SELLER_0332,89052,blumenau,SC
SELLER_0333,31255,belo horizonte,MG
SELLER_0334,15704,jales,SP
SELLER_0335,20270,rio de janeiro,RJ
SELLER_0336,86060,londrina,PR
SELLER_0337,27321,barra mansa,RJ
SELLER_0338,5632,sao paulo,SP
SELLER_0339,3161,sao paulo,SP
SELLER_0340,4782,sao paulo,SP
SELLER_0341,14403,franca,SP
SELLER_0342,87013,maringa,PR
SELLER_0343,9405,ribeirao pires,SP
SELLER_0344,2310,sao paulo,SP
SELLER_0345,4363,sao paulo,SP
SELLER_0346,1539,sao paulo,SP
SELLER_0347,13560,sao carlos,SP
SELLER_0348,2238,sao paulo,SP
SELLER_0349,15055,sao jose do rio preto,SP
SELLER_0350,82220,curitiba,PR
SELLER_0351,17520,marilia,SP
SELLER_0352,3060,sao paulo,SP
SELLER_0353,9443,ribeirao pires,SP
SELLER_0354,14096,ribeirao preto,SP
SELLER_0355,48602,bahia,BA
SELLER_0356,91740,porto alegre,RS
SELLER_0357,86047,londrina,PR
SELLER_0358,12020,taubate,SP
SELLER_0359,85802,cascavael,PR
SELLER_0360,1320,sao paulo,SP
SELLER_0361,12250,monteiro lobato,SP
SELLER_0362,81250,curitiba,PR
SELLER_0363,7145,guarulhos,SP
SELLER_0364,88107,sao jose,SC
SELLER_0365,13730,mococa,SP
SELLER_0366,18130,sao roque,SP
SELLER_0367,37900,passos,MG
SELLER_0368,14940,ibitinga,SP
SELLER_0369,85603,francisco beltrao,PR
SELLER_0370,3821,sao paulo,SP
SELLER_0371,36512,tocantins,SP
SELLER_0372,76400,uruacu,GO
SELLER_0373,87083,maringa,PR
SELLER_0374,74473,goiania,GO
SELLER_0375,21931,rio de janeiro,RJ
SELLER_0376,14055,ribeirao preto,SP
SELLER_0377,88210,porto belo,SC
SELLER_0378,13105,campinas,SP
SELLER_0379,26255,nova iguacu,RJ
SELLER_0380,3343,sao paulo,SP
SELLER_0381,17512,marilia,SP
SELLER_0382,88820,icara,SC
SELLER_0383,3543,sao paulo,SP
SELLER_0384,95910,lajeado,RS
SELLER_0385,3694,sao paulo,SP
SELLER_0386,3029,sao paulo,SP
SELLER_0387,37540,santa rita do sapucai,MG
SELLER_0388,13042,campinas,SP
SELLER_0389,1201,sao paulo,SP
SELLER_0390,9230,santo andre,SP
SELLER_0391,88359,brusque,SC
SELLER_0392,98920,horizontina,RS
SELLER_0393,4364,sao paulo,SP
SELLER_0394,3416,sao paulo,SP
SELLER_0395,9350,maua,SP
SELLER_0396,1214,sao paulo,SP
SELLER_0397,9220,santo andre,SP
SELLER_0398,18110,votorantim,SP
SELLER_0399,35530,claudio,MG
SELLER_0400,93700,campo bom,RS
SELLER_0401,3659,sao paulo,SP
SELLER_0402,1123,sao paulo,SP
SELLER_0403,15910,monte alto,SP
SELLER_0404,3103,sao paulo,SP
SELLER_0405,14078,ribeirao preto,SP
SELLER_0406,15601,fernandopolis,SP
SELLER_0407,17500,marilia,SP
SELLER_0408,84010,ponta grossa,PR
SELLER_0409,7093,guarulhos,SP
SELLER_0410,31560,belo horizonte,MG
SELLER_0411,86800,apucarana,PR
SELLER_0412,88351,brusque,SC
SELLER_0413,8550,poa,SP
SELLER_0414,3471,sao paulo,SP
SELLER_0415,87047,maringa,PR
SELLER_0416,82040,curitiba,PR
SELLER_0417,15025,sao jose do rio preto,SP
SELLER_0418,35500,divinopolis,MG
SELLER_0419,13310,itu,SP
SELLER_0420,89217,joinville,SC
SELLER_0421,13375,mombuca,SP
SELLER_0422,9628,sao bernardo do campo,SP
SELLER_0423,6539,santana de parnaiba,SP
SELLER_0424,81350,curitiba,PR
SELLER_0425,14405,franca,SP
SELLER_0426,35700,sete lagoas,MG
SELLER_0427,37165,campo do meio,MG
SELLER_0428,8780,mogi das cruzes,SP
SELLER_0429,13219,jundiai,SP
SELLER_0430,17509,marilia,SP
SELLER_0431,60741,fortaleza,CE
SELLER_0432,3311,sao paulo,SP
SELLER_0433,13490,cordeiropolis,SP
SELLER_0434,38410,uberlandia,MG
SELLER_0435,75123,anapolis,GO
SELLER_0436,14092,ribeirao preto,SP
SELLER_0437,15085,sao jose do rio preto,SP
SELLER_0438,4578,sao paulo,SP
SELLER_0439,91310,porto alegre,RS
SELLER_0440,20756,rio de janeiro,RJ
SELLER_0441,1233,sao paulo,SP
SELLER_0442,8223,sao paulo,SP
SELLER_0443,4782,sao paulo,SP
SELLER_0444,83402,colombo,PR
SELLER_0445,9920,diadema,SP
SELLER_0446,13419,piracicaba,SP
SELLER_0447,20021,rio de janeiro,RJ
SELLER_0448,18072,sorocaba,SP
SELLER_0449,13456,santa barbara d oeste,SP
SELLER_0450,13920,pedreira,SP
SELLER_0451,86702,arapongas,PR
SELLER_0452,27277,volta redonda,SP
SELLER_0453,13660,porto ferreira,SP
SELLER_0454,89030,blumenau,SC
SELLER_0455,6787,taboao da serra,SP
SELLER_0456,81830,curitiba,PR
SELLER_0457,74210,goiania,GO
SELLER_0458,18070,sorocaba,SP
SELLER_0459,37580,monte siao,MG
SELLER_0460,13073,campinas,SP
SELLER_0461,89248,garuva,SC
SELLER_0462,38650,bonfinopolis de minas,MG
SELLER_0463,13150,cosmopolis,SP
SELLER_0464,14092,ribeirao preto,SP
SELLER_0465,15800,catanduva,SP
SELLER_0466,1215,sao paulo,SP
SELLER_0467,24451,sao goncalo,RJ
SELLER_0468,4386,sao paulo,SP
SELLER_0469,5547,sao paulo,SP
SELLER_0470,37706,pocos de caldas,MG
SELLER_0471,24725,sao goncalo,RJ
SELLER_0472,13160,artur nogueira,SP
SELLER_0473,11015,santos,SP
SELLER_0474,4209,sao paulo,SP
SELLER_0475,30575,belo horizonte,MG
SELLER_0476,20520,rio de janeiro,RJ
SELLER_0477,58030,joao pessoa,PB
SELLER_0478,17300,dois corregos,SP
SELLER_0479,89245,araquari,SC
SELLER_0480,1220,sao paulo,SP
SELLER_0481,90230,porto alegre,RS
SELLER_0482,31570,belo horizonte,SP
SELLER_0483,36500,uba,MG
SELLER_0484,93310,"novo hamburgo, rio grande do sul, brasil",RS
SELLER_0485,80330,curitiba,PR
SELLER_0486,89218,joinville,SC
SELLER_0487,88056,floranopolis,SC
SELLER_0488,15155,jaci,SP
SELLER_0489,13170,sumare,SP
SELLER_0490,83070,sao jose dos pinhais,PR
SELLER_0491,9350,maua,SP
SELLER_0492,2118,sao paulo,SP
SELLER_0493,12242,sao jose dos campos,SP
SELLER_0494,29313,cachoeiro de itapemirim,ES
SELLER_0495,14150,serrana,SP
SELLER_0496,5108,sao paulo,SP
SELLER_0497,86604,rolandia,PR
SELLER_0498,4360,sao paulo,SP
SELLER_0499,23062,rio de janeiro,RJ
SELLER_0500,3029,sao paulo,SP
SELLER_0501,4054,sao paulo,SP
SELLER_0502,36415,congonhas,MG
SELLER_0503,15046,sao jose do rio preto,SP
SELLER_0504,5537,sao paulo,SP
SELLER_0505,12943,atibaia,SP
SELLER_0506,6852,itapecerica da serra,SP
SELLER_0507,83091,sao  jose dos pinhais,PR
SELLER_0508,18035,sorocaba,SP
SELLER_0509,18550,boituva,SP
SELLER_0510,13405,piracicaba,SP
SELLER_0511,3275,sao paulo,SP
SELLER_0512,14400,franca,SP
SELLER_0513,88495,garopaba,SC
SELLER_0514,90010,porto alegre,RS
SELLER_0515,17604,tupa,SP
SELLER_0516,3612,sao paulo,SP
SELLER_0517,5268,sao paulo,SP
SELLER_0518,13660,porto ferreira,SP
SELLER_0519,3059,sao paulo,SP
SELLER_0520,7600,mairipora,SP
SELLER_0521,1547,sao paulo,SP
SELLER_0522,13041,campinas,SP
SELLER_0523,95360,parai,RS
SELLER_0524,17700,osvaldo cruz,SP
SELLER_0525,37706,pocos de caldas,MG
SELLER_0526,28495,aperibe,RJ
SELLER_0527,17605,tupa,SP
SELLER_0528,80610,curitiba,PR
SELLER_0529,18053,sorocaba,SP
SELLER_0530,88715,jaguaruna,SC
SELLER_0531,86707,arapongas,PR
SELLER_0532,26210,nova iguacu,RJ
SELLER_0533,8250,sao paulo,SP
SELLER_0534,14801,araraquara,SP
SELLER_0535,9182,santo andre,SP
SELLER_0536,89210,joinville,SC
SELLER_0537,13085,campinas,SP
SELLER_0538,21070,rio de janeiro,RJ
SELLER_0539,7194,guarulhos,SP
SELLER_0540,36052,juiz de fora,MG
SELLER_0541,23080,rio de janeiro,RJ
SELLER_0542,38230,fronteira,MG
SELLER_0543,14960,novo horizonte,SP
SELLER_0544,18185,pilar do sul,SP
SELLER_0545,15840,itajobi,SP
SELLER_0546,87050,maringa,PR
SELLER_0547,4815,sao paulo,SP
SELLER_0548,29142,cariacica / es,ES
SELLER_0549,36320,prados,MG
SELLER_0550,88020,florianopolis,SC
SELLER_0551,13560,sao carlos,SP
SELLER_0552,8598,itaquaquecetuba,SP
SELLER_0553,62170,mucambo,CE
SELLER_0554,83409,colombo,PR
SELLER_0555,13504,rio claro,SP
SELLER_0556,14940,ibitinga,SP
SELLER_0557,95705,bento goncalves,RS
SELLER_0558,4041,sao paulo,SP
SELLER_0559,12080,taubate,SP
SELLER_0560,81210,curitiba,PR
SELLER_0561,87050,maringa,PR
SELLER_0562,86026,londrina,PR
SELLER_0563,1244,sao paulo,SP
SELLER_0564,39400,montes claros,MG
SELLER_0565,82810,curitiba,PR
SELLER_0566,4613,sao paulo,SP
SELLER_0567,11701,praia grande,SP
SELLER_0568,7152,guarulhos,SP
SELLER_0569,92310,canoas,RS
SELLER_0570,82510,curitiba,PR
SELLER_0571,36570,vicosa,MG
SELLER_0572,13090,campinas,SP
SELLER_0573,5201,sao paulo,SP
SELLER_0574,3126,sao paulo,SP
SELLER_0575,21041,rio de janeiro,RJ
SELLER_0576,76804,porto velho,RO
SELLER_0577,40130,salvador,BA
SELLER_0578,13720,sao jose do rio pardo,SP
SELLER_0579,32260,contagem,MG
SELLER_0580,36301,sao joao del rei,MG
SELLER_0581,14091,ribeirao preto,SP
SELLER_0582,19042,presidente prudente,SP
SELLER_0583,8743,mogi das cruzes,SP
SELLER_0584,26600,paracambi,RJ
SELLER_0585,13930,serra negra,SP
SELLER_0586,15052,sao jose do rio preto,SP
SELLER_0587,9541,sao caetano do sul,SP
SELLER_0588,1420,sao paulo,SP
SELLER_0589,1239,sao paulo,SP
SELLER_0590,13820,jaguariuna,SP
SELLER_0591,4001,sao paulo,SP
SELLER_0592,17051,bauru,SP
SELLER_0593,15081,sao jose do rio preto,SP
SELLER_0594,9550,sao caetano do sul,SP
SELLER_0595,89256,jaragua do sul,SC
SELLER_0596,2523,sao paulo,SP
SELLER_0597,5462,sao paulo,SP
SELLER_0598,83411,colombo,PR
SELLER_0599,89069,blumenau,SC
SELLER_0600,36010,juiz de fora,SP
SELLER_0601,4154,sao paulo,SP
SELLER_0602,58385,serra redonda,PB
SELLER_0603,14940,ibitinga,SP
SELLER_0604,82800,curitiba,PR
SELLER_0605,4133,sao paulo,SP
SELLER_0606,2851,sao paulo,SP
SELLER_0607,89240,sao francisco do sul,SC
SELLER_0608,7052,guarulhos,SP
SELLER_0609,29104,vila velha,ES
SELLER_0610,19010,presidente prudente,SP
SELLER_0611,32672,betim,MG
SELLER_0612,1303,sao paulo,SP
SELLER_0613,4676,sao paulo,SP
SELLER_0614,3910,sao paulo,SP
SELLER_0615,81200,curitiba,PR
SELLER_0616,9411,ribeirao pires,SP
SELLER_0617,81070,curitiba,PR
SELLER_0618,84430,imbituva,PR
SELLER_0619,83280,guaratuba,PR
SELLER_0620,91520,porto alegre,SP
SELLER_0621,5615,sao paulo,SP
SELLER_0622,64033,teresina,PI
SELLER_0623,4164,sao paulo,SP
SELLER_0624,91360,porto alegre,RS
SELLER_0625,14406,franca,SP
SELLER_0626,89900,sao miguel d'oeste,SC
SELLER_0627,18550,boituva,SP
SELLER_0628,12941,atibaia,SP
SELLER_0629,12230,sao jose dos campos,SP
SELLER_0630,18132,sao roque,SP
SELLER_0631,86820,california,PR
SELLER_0632,8020,sao paulo,SP
SELLER_0633,14802,araraquara,SP
SELLER_0634,7135,guarulhos,SP
SELLER_0635,2562,sao paulo,SP
SELLER_0636,84920,japira,PR
SELLER_0637,20751,rio de janeiro,RJ
SELLER_0638,70610,brasilia,DF
SELLER_0639,9190,santo andre,SP
SELLER_0640,85851,foz do iguacu,PR
SELLER_0641,12080,taubate,SP
SELLER_0642,9780,sao bernardo do campo,SP
SELLER_0643,13483,limeira,SP
SELLER_0644,13180,sumare,SP
SELLER_0645,2215,sao paulo,SP
SELLER_0646,8583,itaquaquecetuba,SP
SELLER_0647,28633,nova friburgo,RJ
SELLER_0648,4438,sao paulo,SP
SELLER_0649,3521,sao paulo,SP
SELLER_0650,30120,belo horizonte,MG
SELLER_0651,37975,itau de minas,MG
SELLER_0652,3654,sao paulo,SP
SELLER_0653,36050,juiz de fora,MG
SELLER_0654,88085,florianopolis,SC
SELLER_0655,5171,sao paulo,SP
SELLER_0656,16200,birigui,SP
SELLER_0657,35540,oliveira,MG
SELLER_0658,34710,sabara,MG
SELLER_0659,19865,pedrinhas paulista,SP
SELLER_0660,9810,sao bernardo do campo,SP
SELLER_0661,31510,belo horizonte,MG
SELLER_0662,2515,sao paulo,SP
SELLER_0663,15500,votuporanga,SP
SELLER_0664,19025,presidente prudente,SP
SELLER_0665,13825,holambra,SP
SELLER_0666,8752,mogi das cruzes,SP
SELLER_0667,88901,ararangua,SC
SELLER_0668,83324,pinhais,PR
SELLER_0669,2117,sao paulo,SP
SELLER_0670,9540,sao caetano do sul,SP
SELLER_0671,4361,sao paulo,SP
SELLER_0672,3306,sao paulo,SP
SELLER_0673,86047,londrina,PR
SELLER_0674,4213,sao paulo,SP
SELLER_0675,14092,ribeirao preto,SP
SELLER_0676,14026,ribeirao preto,SP
SELLER_0677,16200,birigui,SP
SELLER_0678,1254,sao paulo,SP
SELLER_0679,74435,goiania,GO
SELLER_0680,1026,sao paulo,SP
SELLER_0681,26020,nova iguacu,RJ
SELLER_0682,7140,guarulhos,SP
SELLER_0683,90560,porto alegre,RS
SELLER_0684,3307,sao paulo,SP
SELLER_0685,2804,sao paulo,SP
SELLER_0686,13480,limeira,SP
SELLER_0687,22790,rio de janeiro,RJ
SELLER_0688,85948,pato bragado,PR
SELLER_0689,99500,carazinho,RS
SELLER_0690,38680,arinos,MG
SELLER_0691,13520,sao pedro,SP
SELLER_0692,88504,lages,SC
SELLER_0693,4122,sao paulo,SP
SELLER_0694,9320,maua,SP
SELLER_0695,13660,porto ferreira,SP
SELLER_0696,6365,carapicuiba,SP
SELLER_0697,85640,ampere,PR
SELLER_0698,35500,divinopolis,MG
SELLER_0699,30180,belo horizonte,MG
SELLER_0700,83010,sao jose dos pinhais,PR
SELLER_0701,1026,sao paulo,SP
SELLER_0702,35680,itauna,MG
SELLER_0703,11443,guaruja,SP
SELLER_0704,3065,sao paulo,SP
SELLER_0705,88063,florianopolis,SC
SELLER_0706,3533,sao paulo,SP
SELLER_0707,91901,porto alegre,RS
SELLER_0708,13800,mogi mirim,SP
SELLER_0709,89224,joinville,SC
SELLER_0710,89520,curitibanos,SC
SELLER_0711,71906,brasilia df,DF
SELLER_0712,37410,tres coracoes,MG
SELLER_0713,5849,sao paulo,SP
SELLER_0714,60346,fortaleza,CE
SELLER_0715,1403,sao paulo,SP
SELLER_0716,2727,sao paulo,SP
SELLER_0717,8710,mogi das cruses,SP
SELLER_0718,4256,sao paulo,SP
SELLER_0719,13088,campinas,SP
SELLER_0720,4160,sao paulo,SP
SELLER_0721,30310,belo horizonte,MG
SELLER_0722,87025,maringa,PR
SELLER_0723,20771,rio de janeiro,RJ
SELLER_0724,12940,atibaia,SP
SELLER_0725,85900,toledo,PR
SELLER_0726,82940,curitiba,PR
SELLER_0727,35162,ipatinga,MG
SELLER_0728,95059,caxias do sul,RS
SELLER_0729,88790,laguna,SP
SELLER_0730,13920,pedreira,SP
SELLER_0731,2407,sao paulo,SP
SELLER_0732,13041,campinas,SP
SELLER_0733,12942,atibaia,SP
SELLER_0734,36071,juiz de fora,MG
SELLER_0735,1310,sao paulo,SP
SELLER_0736,36213,dores de campos,MG
SELLER_0737,5353,sao paulo - sp,SP
SELLER_0738,2532,sao paulo,SP
SELLER_0739,9560,sao caetano do sul,SP
SELLER_0740,13603,araras,SP
SELLER_0741,5138,sao paulo,SP
SELLER_0742,7071,guarulhos,SP
SELLER_0743,9111,santo andre,SP
SELLER_0744,18040,sorocaba,SP
SELLER_0745,13085,campinas,SP
SELLER_0746,17350,igaracu do tiete,SP
SELLER_0747,13473,americana,SP
SELLER_0748,88353,brusque,SC
SELLER_0749,88350,brusque,SC
SELLER_0750,9510,sao caetano do sul,SP
SELLER_0751,38412,uberlandia,MG
SELLER_0752,14750,pitangueiras,SP
SELLER_0753,30120,belo horizonte,MG
SELLER_0754,22451,rio de janeiro,RJ
SELLER_0755,4317,sao paulo,SP
SELLER_0756,1001,sao paulo,SP
SELLER_0757,5705,sao paulo,SP
SELLER_0758,81650,curitiba,PR
SELLER_0759,7160,guarulhos,SP
SELLER_0760,18085,sorocaba,SP
SELLER_0761,81020,curitiba,PR
SELLER_0762,79090,campo grande,MS
SELLER_0763,1226,sao paulo,SP
SELLER_0764,3303,sao paulo,SP
SELLER_0765,3567,sao paulo,SP
SELLER_0766,9270,santo andre,SP
SELLER_0767,17400,garca,SP
SELLER_0768,19470,presidente epitacio,SP
SELLER_0769,91510,porto alegre,RS
SELLER_0770,14940,ibitinga,SP
SELLER_0771,3613,sao paulo,SP
SELLER_0772,31255,belo horizonte,MG
SELLER_0773,14940,ibitinga,SP
SELLER_0774,74340,goiania,GO
SELLER_0775,2124,sao paulo,SP
SELLER_0776,14910,tabatinga,SP
SELLER_0777,9726,sbc/sp,SP
SELLER_0778,85904,toledo,PR
SELLER_0779,81730,curitiba,PR
SELLER_0780,45816,arraial d'ajuda (porto seguro),BA
SELLER_0781,13481,limeira,SP
SELLER_0782,61800,pacatuba,CE
SELLER_0783,13930,serra negra,SP
SELLER_0784,4087,sao paulo,SP
SELLER_0785,23095,rio de janeiro,RJ
SELLER_0786,73801,formosa,GO
SELLER_0787,7023,guarulhos,SP
SELLER_0788,3167,sao paulo,SP
SELLER_0789,4833,sao paulo,SP
SELLER_0790,24346,niteroi,RJ
SELLER_0791,37564,borda da mata,MG
SELLER_0792,81825,curitiba,PR
SELLER_0793,11680,ubatuba,SP
SELLER_0794,85988,entre rios do oeste,PR
SELLER_0795,13566,sao carlos,SP
SELLER_0796,37540,sao paulo,SP
SELLER_0797,15813,catanduva,SP
SELLER_0798,11013,santos,SP
SELLER_0799,20751,rio de janeiro,RJ
SELLER_0800,6768,taboao da serra,SP
SELLER_0801,3550,sao paulo,SP
SELLER_0802,35570,formiga,MG
SELLER_0803,1139,sao paulo,SP
SELLER_0804,11075,santos,SP
SELLER_0805,95012,caxias do sul,RS
SELLER_0806,27930,macae,RJ
SELLER_0807,42738,lauro de freitas,BA
SELLER_0808,31230,belo horizonte,MG
SELLER_0809,95900,lajeado,RS
SELLER_0810,85804,cascavel,PR
SELLER_0811,95800,venancio aires,RS
SELLER_0812,79107,campo grande,MS
SELLER_0813,15041,sao jose do rio preto,SP
SELLER_0814,88370,navegantes,SC
SELLER_0815,30130,belo horizonte,MG
SELLER_0816,9633,sao bernardo do campo,SP
SELLER_0817,2220,sao paulo,SP
SELLER_0818,11070,santos,SP
SELLER_0819,13481,limeira,SP
SELLER_0820,6513,santana de parnaiba,SP
SELLER_0821,81050,curitiba,PR
SELLER_0822,12701,cruzeiro,SP
SELLER_0823,14940,ibitinga,SP
SELLER_0824,9920,diadema,SP
SELLER_0825,5041,sao paulo,SP
SELLER_0826,87050,maringa,PR
SELLER_0827,71200,brasilia,DF
SELLER_0828,18047,sorocaba,SP
SELLER_0829,15085,sao jose do rio preto,SP
SELLER_0830,15130,mirassol,SP
SELLER_0831,36886,muriae,MG
SELLER_0832,1311,sao paulo,SP
SELLER_0833,2510,sao paulo,SP
SELLER_0834,92420,canoas,RS
SELLER_0835,22745,rio de janeiro,RJ
SELLER_0836,9810,sao bernardo do campo,SP
SELLER_0837,15076,sao jose do rio preto,SP
SELLER_0838,27274,volta redonda,RJ
SELLER_0839,7170,guarulhos,SP
SELLER_0840,4144,sao paulo,SP
SELLER_0841,5319,sao paulo,SP
SELLER_0842,4827,sao paulo,SP
SELLER_0843,9230,santo andre/sao paulo,SP
SELLER_0844,95240,ipe,RS
SELLER_0845,1230,sao paulo,SP
SELLER_0846,25750,petropolis,RJ
SELLER_0847,1224,sao paulo,SP
SELLER_0848,13082,campinas,SP
SELLER_0849,2751,sao paulo,SP
SELLER_0850,81540,curitiba,PR
SELLER_0851,13660,porto ferreira,SP
SELLER_0852,31130,belo horizonte,MG
SELLER_0853,91150,porto alegre,RS
SELLER_0854,72125,brasilia,DF
SELLER_0855,14050,ribeirao preto,SP
SELLER_0856,18608,botucatu,SP
SELLER_0857,81320,curitiba,PR
SELLER_0858,8220,sao paulo,SP
SELLER_0859,29260,domingos martins,ES
SELLER_0860,13030,campinas,SP
SELLER_0861,3644,sao paulo,SP
SELLER_0862,38010,uberaba,MG
SELLER_0863,19027,presidente prudente,SP
SELLER_0864,1031,sao paulo,SP
SELLER_0865,3282,sao paulo,SP
SELLER_0866,35170,coronel fabriciano,MG
SELLER_0867,3390,sao paulo,SP
SELLER_0868,94930,cachoeirinha,RS
SELLER_0869,5311,sao paulo,SP
SELLER_0870,14940,ibitinga,SP
SELLER_0871,3333,sao paulo,SP
SELLER_0872,9320,maua,SP
SELLER_0873,9820,sao bernardo do campo,SP
SELLER_0874,15014,s jose do rio preto,SP
SELLER_0875,14092,ribeirao preto,SP
SELLER_0876,19820,taruma,SP
SELLER_0877,4088,sao paulo,SP
SELLER_0878,7043,guarulhos,SP
SELLER_0879,38414,uberlandia,MG
SELLER_0880,13481,limeira,SP
SELLER_0881,4160,sao paulo,SP
SELLER_0882,4693,sao paulo,SP
SELLER_0883,3060,sao paulo,SP
SELLER_0884,2116,sao paulo,SP
SELLER_0885,8280,sao paulo,SP
SELLER_0886,18015,sorocaba,SP
SELLER_0887,18015,sorocaba,SP
SELLER_0888,4567,sao paulo,SP
SELLER_0889,31844,belo horizonte,MG
SELLER_0890,14020,ribeirao preto,SP
SELLER_0891,13030,campinas,SP
SELLER_0892,7402,aruja,SP
SELLER_0893,74223,goiania,GO
SELLER_0894,13575,sao carlos,SP
SELLER_0895,1156,sao paulo,SP
SELLER_0896,3363,sp / sp,SP
SELLER_0897,85802,cascavel,PR
SELLER_0898,2258,sao paulo,SP
SELLER_0899,30310,belo horizonte,MG
SELLER_0900,23954,angra dos reis,RJ
SELLER_0901,23050,rio de janeiro,RJ
SELLER_0902,87015,maringa,PR
SELLER_0903,8673,suzano,SP
SELLER_0904,9850,sao bernardo do campo,SP
SELLER_0905,3370,sao paulo,SP
SELLER_0906,35501,divinopolis,MG
SELLER_0907,89170,laurentino,SC
SELLER_0908,6717,cotia,SP
SELLER_0909,3372,sao paulo,SP
SELLER_0910,1319,sao paulo,SP
SELLER_0911,95270,flores da cunha,RS
SELLER_0912,88780,imbituba,SC
SELLER_0913,89256,jaragua do sul,SC
SELLER_0914,86035,londrina,PR
SELLER_0915,95780,montenegro,RS
SELLER_0916,20051,rio de janeiro,RJ
SELLER_0917,3382,sao paulo,SP
SELLER_0918,81200,curitiba,PR
SELLER_0919,3673,sao paulo,SP
SELLER_0920,86802,apucarana,PR
SELLER_0921,2189,sao paulo,SP
SELLER_0922,3077,sao paulo,SP
SELLER_0923,6036,osasco,SP
SELLER_0924,5030,sao paulo,SP
SELLER_0925,5634,sao paulo,SP
SELLER_0926,41820,salvador,BA
SELLER_0927,3059,sao paulo,SP
SELLER_0928,13660,porto ferreira,SP
SELLER_0929,14470,pedregulho,SP
SELLER_0930,93542,novo hamburgo,RS
SELLER_0931,30111,belo horizonte,MG
SELLER_0932,13930,serra negra,SP
SELLER_0933,8730,mogi das cruzes,SP
SELLER_0934,95560,torres,RS
SELLER_0935,49055,aracaju,SE
SELLER_0936,13484,limeira,SP
SELLER_0937,88135,santa catarina,SC
SELLER_0938,81930,curitiba,PR
SELLER_0939,95076,caxias do sul,RS
SELLER_0940,8111,sao paulo,SP
SELLER_0941,89254,jaragua do sul,SC
SELLER_0942,3331,sao paulo,SP
SELLER_0943,80060,curitiba,PR
SELLER_0944,38770,joao pinheiro,MG
SELLER_0945,9271,santo andre,SP
SELLER_0946,86706,arapongas,PR
SELLER_0947,15115,bady bassitt,SP
SELLER_0948,89053,blumenau,SC
SELLER_0949,3632,sao paulo,SP
SELLER_0950,78552,sinop,MT
SELLER_0951,3804,sao paulo,SP
SELLER_0952,13330,indaiatuba,SP
SELLER_0953,17510,marilia,SP
SELLER_0954,85065,guarapuava,PR
SELLER_0955,83707,araucaria,PR
SELLER_0956,92030,canoas,RS
SELLER_0957,18683,lencois paulista,SP
SELLER_0958,95110,caxias do sul,RS
SELLER_0959,36015,juiz de fora,MG
SELLER_0960,12020,taubate,SP
SELLER_0961,2992,sao paulo,SP
SELLER_0962,88115,sao jose,SC
SELLER_0963,29090,vitoria,ES
SELLER_0964,3225,sao paulo,SP
SELLER_0965,14300,batatais,SP
SELLER_0966,95082,caxias do sul,RS
SELLER_0967,33400,lagoa santa,MG
SELLER_0968,9911,sao paulo,SP
SELLER_0969,4711,sao paulo,SP
SELLER_0970,89801,chapeco,SC
SELLER_0971,85801,cascavel,PR
SELLER_0972,40285,salvador,BA
SELLER_0973,20520,rio de janeiro,RJ
SELLER_0974,11701,praia grande,SP
SELLER_0975,80710,curitiba,PR
SELLER_0976,5051,sao paulo,SP
SELLER_0977,8840,mogi das cruzes,SP
SELLER_0978,87502,umuarama,PR
SELLER_0979,83709,araucaria,PR
SELLER_0980,8225,sao paulo,SP
SELLER_0981,31110,belo horizonte,MG
SELLER_0982,6460,barueri,SP
SELLER_0983,9220,santo andre,SP
SELLER_0984,4602,sao paulo,SP
SELLER_0985,88359,brusque,SC
SELLER_0986,4781,sao paulo,SP
SELLER_0987,95055,caxias do sul,SP
SELLER_0988,87083,maringa,PR
SELLER_0989,18040,sorocaba,SP
SELLER_0990,3244,sao paulo,SP
SELLER_0991,16200,birigui,SP
SELLER_0992,5782,sao paulo,SP
SELLER_0993,26112,belford roxo,RJ
SELLER_0994,29156,cariacica,ES
SELLER_0995,13272,valinhos,SP
SELLER_0996,13101,campinas,SP
SELLER_0997,13043,campinas,SP
SELLER_0998,4111,sao paulo,SP
SELLER_0999,3087,sao paulo,SP
SELLER_1000,9370,maua,SP
SELLER_1001,12903,sp,SP
SELLER_1002,35590,lagoa da prata,MG
SELLER_1003,95690,rolante,RS
SELLER_1004,4216,sao paulo,SP
SELLER_1005,4119,sao paulo,SP
SELLER_1006,2755,sao paulo,SP
SELLER_1007,3057,sao paulo,SP
SELLER_1008,9570,sao caetano do sul,SP
SELLER_1009,9070,santo andre,SP
SELLER_1010,25963,teresopolis,RJ
SELLER_1011,13604,araras,SP
SELLER_1012,18480,itaporanga,SP
SELLER_1013,13330,indaiatuba,SP
SELLER_1014,9810,sao bernardo do campo,SP
SELLER_1015,9010,santo andre,SP
SELLER_1016,37564,borda da mata,MG
SELLER_1017,13015,campinas,SP
SELLER_1018,3513,sao paulo,SP
SELLER_1019,7113,guarulhos,SP
SELLER_1020,14406,franca,SP
SELLER_1021,18680,lencois paulista,SP
SELLER_1022,4308,sao paulo,SP
SELLER_1023,14940,ibitinga,SP
SELLER_1024,89218,joinville,SC
SELLER_1025,81350,curitiba,PR
SELLER_1026,11704,praia grande,SP
SELLER_1027,7122,guarulhos,SP
SELLER_1028,22785,rio de janeiro,RJ
SELLER_1029,7094,guarulhos,SP
SELLER_1030,8215,sao paulo,SP
SELLER_1031,13561,sao carlos,SP
SELLER_1032,5319,sao paulo,SP
SELLER_1033,30710,belo horizonte,MG
SELLER_1034,83605,campo largo,PR
SELLER_1035,18131,sao roque,SP
SELLER_1036,14804,araraquara,SP
SELLER_1037,2274,sao paulo,SP
SELLER_1038,25550,sao joao de meriti,RJ
SELLER_1039,9380,maua/sao paulo,SP
SELLER_1040,6501,santana de parnaiba,SP
SELLER_1041,4880,sao paulo,SP
SELLER_1042,12955,bom jesus dos perdoes,SP
SELLER_1043,4296,sao paulo,SP
SELLER_1044,5639,sao paulo,SP
SELLER_1045,2047,sao paulo,SP
SELLER_1046,83820,fazenda rio grande,PR
SELLER_1047,4186,sao paulo,SP
SELLER_1048,5059,sao paulo,SP
SELLER_1049,5588,sao paulo,SP
SELLER_1050,9291,santo andre,SP
SELLER_1051,17380,brotas,SP
SELLER_1052,2376,sao paulo,SP
SELLER_1053,9111,santo andre,SP
SELLER_1054,8411,sao paulo,SP
SELLER_1055,2034,sao paulo,SP
SELLER_1056,14940,ibitinga,SP
SELLER_1057,44900,irece,BA
SELLER_1058,79400,coxim,MS
SELLER_1059,8577,itaquaquecetuba,SP
SELLER_1060,14940,ibitinga,SP
SELLER_1061,3184,sao paulo,SP
SELLER_1062,17210,jau,SP
SELLER_1063,29102,vila velha,ES
SELLER_1064,83322,pinhais,PR
SELLER_1065,88704,tubarao,SC
SELLER_1066,8320,sao paulo,SP
SELLER_1067,38442,araguari,MG
SELLER_1068,3548,sao paulo,SP
SELLER_1069,86050,londrina,PR
SELLER_1070,5528,sao paulo,SP
SELLER_1071,6341,carapicuiba,SP
SELLER_1072,6714,cotia,SP
SELLER_1073,86804,apucarana,PR
SELLER_1074,13900,amparo,SP
SELLER_1075,92120,canoas,RS
SELLER_1076,89900,sao miguel do oeste,SC
SELLER_1077,28630,nova friburgo,RJ
SELLER_1078,36500,uba,MG
SELLER_1079,89114,gaspar,SC
SELLER_1080,28800,rio bonito,RJ
SELLER_1081,7174,guarulhos,SP
SELLER_1082,88501,lages,SC
SELLER_1083,80420,curitiba,PR
SELLER_1084,16300,penapolis,SP
SELLER_1085,1023,sao paulo,SP
SELLER_1086,6341,carapicuiba,SP
SELLER_1087,4447,sao paulo,SP
SELLER_1088,19814,assis,SP
SELLER_1089,89170,laurentino,SC
SELLER_1090,5503,sao paulo,SP
SELLER_1091,37540,santa rita do sapucai,MG
SELLER_1092,13202,jundiai,SP
SELLER_1093,81110,curitiba,PR
SELLER_1094,29304,cachoeiro de itapemirim,ES
SELLER_1095,8150,sao paulo,SP
SELLER_1096,86706,arapongas,PR
SELLER_1097,31030,belo horizonte,MG
SELLER_1098,20031,rio de janeiro,RJ
SELLER_1099,5048,sao paulo,SP
SELLER_1100,86975,mandaguari,PR
SELLER_1101,81070,curitiba,PR
SELLER_1102,37074,varginha,MG
SELLER_1103,6795,taboao da serra,SP
SELLER_1104,36500,uba,MG
SELLER_1105,81560,curitiba,SP
SELLER_1106,13211,jundiai,SP
SELLER_1107,5373,sao paulo,SP
SELLER_1108,12226,sao jose dos campos,SP
SELLER_1109,15015,sao jose do rio preto,SP
SELLER_1110,88020,florianopolis,SC
SELLER_1111,12328,jacarei,SP
SELLER_1112,13501,rio claro,SP
SELLER_1113,14405,franca,SP
SELLER_1114,14085,ribeirao preto,SP
SELLER_1115,4776,sp,SP
SELLER_1116,6730,vargem grande paulista,SP
SELLER_1117,87050,maringa,PR
SELLER_1118,30775,belo horizonte,MG
SELLER_1119,37590,jacutinga,MG
SELLER_1120,32372,contagem,MG
SELLER_1121,6280,sao paulo,SP
SELLER_1122,14403,franca,SP
SELLER_1123,74323,goiania,GO
SELLER_1124,13835,conchal,SP
SELLER_1125,30140,belo horizonte,MG
SELLER_1126,14940,ibitinga,SP
SELLER_1127,3178,sao paulo,SP
SELLER_1128,86192,cambe,PR
SELLER_1129,29107,vila velha,ES
SELLER_1130,20061,rio de janeiro,RJ
SELLER_1131,90020,porto alegre,RS
SELLER_1132,35680,itauna,MG
SELLER_1133,94965,cachoeirinha,RS
SELLER_1134,14940,ibitinga,SP
SELLER_1135,17201,jau,SP
SELLER_1136,2066,sao paulo,SP
SELLER_1137,4283,sao paulo,SP
SELLER_1138,81280,curitiba,PR
SELLER_1139,73020,brasilia,DF
SELLER_1140,86990,marialva,PR
SELLER_1141,9230,santo andre,SP
SELLER_1142,20930,rio de janeiro,RJ
SELLER_1143,3827,sao paulo,SP
SELLER_1144,18131,sao roque,SP
SELLER_1145,37135,alfenas,MG
SELLER_1146,88330,balneario camboriu,SC
SELLER_1147,5269,sao paulo,SP
SELLER_1148,13503,rio claro,SP
SELLER_1149,9541,sao caetano do sul,SP
SELLER_1150,12209,sao jose dos campos,SP
SELLER_1151,35570,formiga,MG
SELLER_1152,21635,rio de janeiro,RJ
SELLER_1153,81130,curitiba,PR
SELLER_1154,1123,sao paulo,SP
SELLER_1155,88138,palhoca,SC
SELLER_1156,9721,sao bernardo do capo,SP
SELLER_1157,13480,limeira,SP
SELLER_1158,18052,sorocaba,SP
SELLER_1159,7031,guarulhos,SP
SELLER_1160,22640,rio de janeiro,RJ
SELLER_1161,4809,sao paulo,SP
SELLER_1162,36576,vicosa,MG
SELLER_1163,80420,curitiba,PR
SELLER_1164,6018,osasco,SP
SELLER_1165,37540,santa rita do sapucai,MG
SELLER_1166,1541,sao paulo,SP
SELLER_1167,22713,rio de janeiro,RJ
SELLER_1168,14580,guara,SP
SELLER_1169,88301,itajai,SP
SELLER_1170,86061,londrina,PR
SELLER_1171,9560,sao paulo,SP
SELLER_1172,60710,fortaleza,CE
SELLER_1173,8260,sao paulo,SP
SELLER_1174,13505,rio claro,SP
SELLER_1175,9020,santo andre,SP
SELLER_1176,12940,atibaia,SP
SELLER_1177,4794,sao paulo,SP
SELLER_1178,4761,sao paulo,SP
SELLER_1179,9416,ribeirao pires,SP
SELLER_1180,29704,colatina,ES
SELLER_1181,9750,sao bernardo do campo,SP
SELLER_1182,85501,pato branco,PR
SELLER_1183,7866,franco da rocha,SP
SELLER_1184,13178,sumare,SP
SELLER_1185,26562,mesquita,RJ
SELLER_1186,3270,sao paulo,SP
SELLER_1187,12246,sao jose dos campos,SP
SELLER_1188,4307,sao paulo,SP
SELLER_1189,37480,lambari,MG
SELLER_1190,85853,foz do iguacu,PR
SELLER_1191,4186,sao paulo,SP
SELLER_1192,32677,betim,MG
SELLER_1193,80215,curitiba,PR
SELLER_1194,83830,fazenda rio grande,PR
SELLER_1195,32110,contagem,MG
SELLER_1196,9182,santo andre,SP
SELLER_1197,18604,botucatu,SP
SELLER_1198,3564,sao paulo,SP
SELLER_1199,8021,sao paulo,SP
SELLER_1200,3526,sao paulo,SP
SELLER_1201,8717,mogi das cruzes / sp,SP
SELLER_1202,14090,ribeirao preto,SP
SELLER_1203,85900,toledo,PR
SELLER_1204,88032,florianopolis,SC
SELLER_1205,84020,ponta grossa,PR
SELLER_1206,29300,cachoeiro de itapemirim,ES
SELLER_1207,89650,treze tilias,SC
SELLER_1208,18681,lencois paulista,SP
SELLER_1209,13015,campinas,SP
SELLER_1210,22050,rio de janeiro \rio de janeiro,RJ
SELLER_1211,15015,sao jose do rio preto,SP
SELLER_1212,88490,paulo lopes,SC
SELLER_1213,3122,sao paulo,SP
SELLER_1214,22793,rio de janeiro,RJ
SELLER_1215,70235,brasilia,DF
SELLER_1216,88350,brusque,SC
SELLER_1217,88036,florianopolis,SC
SELLER_1218,89540,santa cecilia,SC
SELLER_1219,17026,bauru,SP
SELLER_1220,15603,fernandopolis,SP
SELLER_1221,13033,campinas,SP
SELLER_1222,88750,braco do norte,SC
SELLER_1223,4281,sao paulo,SP
SELLER_1224,5571,sao paulo,SP
SELLER_1225,87120,floresta,PR
SELLER_1226,8080,sao paulo,SP
SELLER_1227,35701,sete lagoas,MG
SELLER_1228,95170,farroupilha,RS
SELLER_1229,84178,castro,PR
SELLER_1230,3275,sao paulo,SP
SELLER_1231,72801,luziania,GO
SELLER_1232,35930,joao monlevade,MG
SELLER_1233,96020,pelotas,RS
SELLER_1234,8790,mogi das cruzes,SP
SELLER_1235,88050,florianopolis,SC
SELLER_1236,58865,sao bento,PB
SELLER_1237,12916,braganca paulista,SP
SELLER_1238,91350,porto alegre,RS
SELLER_1239,5685,sao paulo,SP
SELLER_1240,89259,jaragua do sul,SC
SELLER_1241,28035,campos dos goytacazes,RJ
SELLER_1242,95013,caxias do sul,RS
SELLER_1243,37570,ouro fino,MG
SELLER_1244,83040,sao jose dos pinhas,PR
SELLER_1245,27972,macae,RJ
SELLER_1246,8710,mogi das cruzes,SP
SELLER_1247,18530,tiete,SP
SELLER_1248,4087,sao paulo,SP
SELLER_1249,94410,viamao,RS
SELLER_1250,39442,janauba,MG
SELLER_1251,13360,capivari,SP
SELLER_1252,5734,sao paulo,SP
SELLER_1253,85875,santa terezinha de itaipu,PR
SELLER_1254,4180,sao paulo,SP
SELLER_1255,38400,uberlandia,MG
SELLER_1256,3031,sao paulo,SP
SELLER_1257,85863,foz do iguacu,PR
SELLER_1258,9831,sao bernardo do campo,SP
SELLER_1259,4378,sao paulo,SP
SELLER_1260,16022,aracatuba,SP
SELLER_1261,95650,igrejinha,RS
SELLER_1262,3031,sao paulo,SP
SELLER_1263,89287,sao bento do sul,SC
SELLER_1264,3194,sao paulo,SP
SELLER_1265,13481,limeira,SP
SELLER_1266,32315,contagem,MG
SELLER_1267,25251,duque de caxias,RJ
SELLER_1268,38182,araxa,MG
SELLER_1269,14784,barretos,SP
SELLER_1270,13311,itu,SP
SELLER_1271,9271,santo andre,SP
SELLER_1272,86065,londrina,PR
SELLER_1273,35501,divinopolis,MG
SELLER_1274,37048,varginha,MG
SELLER_1275,9015,santo andre,SP
SELLER_1276,32604,betim,MG
SELLER_1277,89460,canoinhas,SC
SELLER_1278,88801,criciuma,SC
SELLER_1279,80060,curitiba,PR
SELLER_1280,83321,pinhais,PR
SELLER_1281,14940,ibitinga,SP
SELLER_1282,13570,sao carlos,SP
SELLER_1283,84010,ponta grossa,PR
SELLER_1284,13912,jaguariuna,SP
SELLER_1285,3035,sao paulo,SP
SELLER_1286,29010,vitoria,ES
SELLER_1287,35501,divinopolis,MG
SELLER_1288,22775,rio de janeiro,RJ
SELLER_1289,14910,tabatinga,SP
SELLER_1290,30421,belo horizonte,MG
SELLER_1291,15025,sao jose do rio preto,SP
SELLER_1292,3550,sao paulo,SP
SELLER_1293,2022,sao paulo,SP
SELLER_1294,89251,jaragua do sul,SC
SELLER_1295,14940,ibitinga,SP
SELLER_1296,7183,guarulhos,SP
SELLER_1297,36504,uba,MG
SELLER_1298,14940,ibitinga,SP
SELLER_1299,51250,recife,PE
SELLER_1300,31210,belo horizonte,MG
SELLER_1301,93608,estancia velha,RS
SELLER_1302,15085,sao jose do rio preto,SP
SELLER_1303,87043,maringa,PR
SELLER_1304,13056,campinas,SP
SELLER_1305,18130,sao roque,SP
SELLER_1306,37540,santa rita do sapucai,MG
SELLER_1307,94910,cachoeirinha,RS
SELLER_1308,36200,barbacena/ minas gerais,MG
SELLER_1309,82320,curitiba,PR
SELLER_1310,88301,itajai,SP
SELLER_1311,3477,sao paulo,SP
SELLER_1312,9434,ribeirao pires,SP
SELLER_1313,12914,braganca paulista,SP
SELLER_1314,32140,contagem,MG
SELLER_1315,11015,santos,SP
SELLER_1316,88037,florianopolis,SC
SELLER_1317,14020,ribeirao preto,SP
SELLER_1318,99500,carazinho,RS
SELLER_1319,59152,parnamirim,RN
SELLER_1320,1530,sao paulo,SP
SELLER_1321,13086,campinas,SP
SELLER_1322,80020,curitiba,PR
SELLER_1323,85851,foz do iguacu,PR
SELLER_1324,18074,sorocaba,SP
SELLER_1325,6080,osasco,SP
SELLER_1326,6162,osasco,SP
SELLER_1327,30285,belo horizonte,MG
SELLER_1328,1210,sao paulo,SP
SELLER_1329,8710,mogi das cruzes,SP
SELLER_1330,13322,salto,SP
SELLER_1331,3568,sao paulo,SP
SELLER_1332,98803,santo angelo,RS
SELLER_1333,21941,rio de janeiro,RJ
SELLER_1334,9060,santo andre,SP
SELLER_1335,80240,curitiba,PR
SELLER_1336,14870,jaboticabal,SP
SELLER_1337,14940,ibitinga,SP
SELLER_1338,30315,belo horizonte,MG
SELLER_1339,14315,batatais,SP
SELLER_1340,87030,maringa,PR
SELLER_1341,13272,valinhos,SP
SELLER_1342,3448,sao paulo,SP
SELLER_1343,1212,sao paulo,SP
SELLER_1344,12240,sao jose dos campos,SP
SELLER_1345,4615,sao paulo,SP
SELLER_1346,15804,catanduva,SP
SELLER_1347,9360,maua,SP
SELLER_1348,7241,guarulhos,SP
SELLER_1349,82515,curitiba,PR
SELLER_1350,87140,paincandu,PR
SELLER_1351,13087,campinas,SP
SELLER_1352,88136,palhoca,SP
SELLER_1353,13503,rio claro,SP
SELLER_1354,8752,mogi das cruzes,SP
SELLER_1355,9163,santo andre,SP
SELLER_1356,2750,sao paulo,SP
SELLER_1357,20910,rio de janeiro,RJ
SELLER_1358,28605,nova friburgo,RJ
SELLER_1359,13322,salto,SP
SELLER_1360,5713,sao paulo,SP
SELLER_1361,2925,sao paulo,SP
SELLER_1362,25803,tres rios,RJ
SELLER_1363,5083,sao paulo,SP
SELLER_1364,13043,campinas,SP
SELLER_1365,30620,belo horizonte,MG
SELLER_1366,12228,sao jose dos campos,SP
SELLER_1367,15170,tanabi,SP
SELLER_1368,3470,sao paulo,SP
SELLER_1369,74645,goiania,GO
SELLER_1370,36500,uba,MG
SELLER_1371,13660,portoferreira,SP
SELLER_1372,3643,sao paulo,SP
SELLER_1373,18080,sorocaba,SP
SELLER_1374,4810,sao paulo,SP
SELLER_1375,7032,guarulhos,SP
SELLER_1376,14312,batatais,SP
SELLER_1377,2737,sao paulo,SP
SELLER_1378,6449,barueri,SP
SELLER_1379,4255,sao paulo,SP
SELLER_1380,8410,sao paulo,SP
SELLER_1381,7074,guarulhos,SP
SELLER_1382,18087,sorocaba,SP
SELLER_1383,4403,sao paulo,SP
SELLER_1384,13360,capivari,SP
SELLER_1385,14806,araraquara,SP
SELLER_1386,71691,brasilia,DF
SELLER_1387,14802,araraquara,SP
SELLER_1388,13257,itatiba,SP
SELLER_1389,70767,brasilia,DF
SELLER_1390,4534,sao paulo,SP
SELLER_1391,21041,rio de janeiro,RJ
SELLER_1392,87114,sarandi,PR
SELLER_1393,8223,sao paulo,SP
SELLER_1394,5767,sao paulo,SP
SELLER_1395,18110,votorantim,SP
SELLER_1396,22790,rio de janeiro,RJ
SELLER_1397,6700,cotia,SP
SELLER_1398,3520,sao paulo,SP
SELLER_1399,13920,pedreira,SP
SELLER_1400,14140,cravinhos,SP
SELLER_1401,80310,curitiba,PR
SELLER_1402,80710,curitiba,PR
SELLER_1403,73020,brasilia,DF
SELLER_1404,8140,sao paulo,SP
SELLER_1405,89803,chapeco,SP
SELLER_1406,75650,morrinhos,GO
SELLER_1407,1545,sao paulo,SP
SELLER_1408,14709,bebedouro,SP
SELLER_1409,29032,vitoria,ES
SELLER_1410,74560,goiania,GO
SELLER_1411,89201,joinville,SC
SELLER_1412,6268,osasco,SP
SELLER_1413,95913,lajeado,RS
SELLER_1414,19025,presidente prudente,SP
SELLER_1415,4719,sao paulo,SP
SELLER_1416,14781,barretos,SP
SELLER_1417,11250,bertioga,SP
SELLER_1418,2941,sao paulo,SP
SELLER_1419,94451,viamao,RS
SELLER_1420,2537,sao paulo,SP
SELLER_1421,60110,fortaleza,CE
SELLER_1422,59077,natal,RN
SELLER_1423,2972,sao paulo,SP
SELLER_1424,13210,jundiai,SP
SELLER_1425,95800,venancio aires,RS
SELLER_1426,20930,rio de janeiro,RJ
SELLER_1427,30150,belo horizonte,MG
SELLER_1428,4130,sao paulo - sp,SP
SELLER_1429,81530,curitiba,PR
SELLER_1430,14940,ibitinga,SP
SELLER_1431,82540,curitiba,PR
SELLER_1432,86800,apucarana,PR
SELLER_1433,31255,belo horizont,MG
SELLER_1434,13481,limeira,SP
SELLER_1435,81350,curitiba,PR
SELLER_1436,21340,rio de janeiro,RJ
SELLER_1437,90240,porto alegre,RS
SELLER_1438,5138,sao paulo,SP
SELLER_1439,21210,rio de janeiro,RJ
SELLER_1440,7025,guarulhos,SP
SELLER_1441,1035,sao paulo,SP
SELLER_1442,3655,sao paulo,SP
SELLER_1443,13848,mogi guacu,SP
SELLER_1444,13560,sao carlos,SP
SELLER_1445,87900,loanda,PR
SELLER_1446,4141,sao paulo,SP
SELLER_1447,14808,araraquara,SP
SELLER_1448,80430,curitiba,PR
SELLER_1449,85804,cascavel,PR
SELLER_1450,3635,sao paulo,SP
SELLER_1451,4424,sao paulo,SP
SELLER_1452,80010,curitiba,PR
SELLER_1453,8180,sao paulo,SP
SELLER_1454,3589,sao paulo,SP
SELLER_1455,86385,andira-pr,PR
SELLER_1456,9572,sao caetano do sul,SP
SELLER_1457,4361,sao paulo,SP
SELLER_1458,81350,curitiba,PR
SELLER_1459,15840,itajobi,SP
SELLER_1460,6154,osasco,SP
SELLER_1461,3933,sao paulo,SP
SELLER_1462,90220,porto alegre,RS
SELLER_1463,86706,arapongas,PR
SELLER_1464,9130,santo andre,SP
SELLER_1465,7400,aruja,SP
SELLER_1466,13560,sao carlos,SP
SELLER_1467,18611,botucatu,SP
SELLER_1468,88132,palhoca,SC
SELLER_1469,88330,balneario camboriu,SC
SELLER_1470,32604,betim,MG
SELLER_1471,3820,sao paulo,SP
SELLER_1472,35570,formiga,MG
SELLER_1473,93700,campo bom,RS
SELLER_1474,1131,sao paulo,SP
SELLER_1475,6132,osasco,SP
SELLER_1476,1127,sao paulo,SP
SELLER_1477,18760,cerqueira cesar,SP
SELLER_1478,12952,atibaia,SP
SELLER_1479,95885,imigrante,RS
SELLER_1480,80740,curitiba,PR
SELLER_1481,18120,mairinque,SP
SELLER_1482,83020,sao jose dos pinhais,SP
SELLER_1483,13570,sao carlos,SP
SELLER_1484,1207,sao paulo sp,SP
SELLER_1485,4558,sao paulo,SP
SELLER_1486,95020,caxias do sul,RS
SELLER_1487,13843,mogi guacu,SP
SELLER_1488,1039,sao paulo,SP
SELLER_1489,20081,rio de janeiro / rio de janeiro,RJ
SELLER_1490,90670,porto alegre,RS
SELLER_1491,9070,santo andre,SP
SELLER_1492,89219,joinville,SC
SELLER_1493,4571,sao paulo,SP
SELLER_1494,13170,sumare,SP
SELLER_1495,37795,andradas,SP
SELLER_1496,2611,sao paulo,SP
SELLER_1497,35501,divinopolis,MG
SELLER_1498,4123,sao paulo,SP
SELLER_1499,22745,rio de janeiro,RJ
SELLER_1500,26230,nova iguacu,RJ
SELLER_1501,12327,jacarei,SP
SELLER_1502,9931,diadema,SP
SELLER_1503,9190,sando andre,SP
SELLER_1504,80320,curitiba,PR
SELLER_1505,85906,toledo,PR
SELLER_1506,25070,duque de caxias,RJ
SELLER_1507,3178,sao paulo,SP
SELLER_1508,14403,franca,SP
SELLER_1509,72580,brasilia,DF
SELLER_1510,6420,barueri,SP
SELLER_1511,50751,recife,PE
SELLER_1512,13145,paulinia,SP
SELLER_1513,15502,votuporanga,SP
SELLER_1514,37640,extrema,MG
SELLER_1515,15400,olimpia,SP
SELLER_1516,13486,limeira,SP
SELLER_1517,4142,sao paulo,SP
SELLER_1518,7112,guarulhos,SP
SELLER_1519,9015,santo andre,SP
SELLER_1520,23943,angra dos reis rj,RJ
SELLER_1521,9015,santo andre,SP
SELLER_1522,1129,sao paulo,SP
SELLER_1523,6180,osasco,SP
SELLER_1524,88359,brusque,SC
SELLER_1525,86020,londrina,PR
SELLER_1526,31160,belo horizonte,MG
SELLER_1527,85904,toledo,PR
SELLER_1528,87505,umuarama,PR
SELLER_1529,5008,sao paulo,SP
SELLER_1530,16200,birigui,SP
SELLER_1531,4142,sao paulo,SP
SELLER_1532,60025,fortaleza,CE
SELLER_1533,24855,rio de janeiro,RJ
SELLER_1534,82400,curitiba,PR
SELLER_1535,80050,curitiba,PR
SELLER_1536,5303,sao  paulo,SP
SELLER_1537,2030,sao paulo,SP
SELLER_1538,3185,sao paulo,SP
SELLER_1539,2976,sao paulo,SP
SELLER_1540,88704,tubarao,SC
SELLER_1541,14940,ibitinga,SP
SELLER_1542,83327,pinhais/pr,PR
SELLER_1543,93180,portao,RS
SELLER_1544,13145,paulinia,SP
SELLER_1545,13478,americana,SP
SELLER_1546,81810,curitiba,PR
SELLER_1547,11900,registro,SP
SELLER_1548,35570,formiga,MG
SELLER_1549,86065,londrina,PR
SELLER_1550,81320,curitiba,PR
SELLER_1551,3561,sao paulo,SP
SELLER_1552,4445,sao paulo,SP
SELLER_1553,80220,curitiba,PR
SELLER_1554,89030,blumenau,SC
SELLER_1555,81730,curitiba,PR
SELLER_1556,19023,presidente prudente,SP
SELLER_1557,9687,ao bernardo do campo,SP
SELLER_1558,8452,sao paulo,SP
SELLER_1559,6060,osasco,SP
SELLER_1560,14090,ribeirao preto,SP
SELLER_1561,1319,sao paulo,SP
SELLER_1562,28630,nova friburgo,RJ
SELLER_1563,9912,diadema,SP
SELLER_1564,35557,carmo do cajuru,MG
SELLER_1565,14940,ibitinga,SP
SELLER_1566,3951,sao paulo,SP
SELLER_1567,7123,guarulhos,SP
SELLER_1568,84020,ponta grossa,PR
SELLER_1569,8431,sao paulo,SP
SELLER_1570,4773,sao paulo,SP
SELLER_1571,6268,osasco,SP
SELLER_1572,3423,sao paulo,SP
SELLER_1573,5424,sao paulo,SP
SELLER_1574,80030,curitiba,PR
SELLER_1575,6807,embu das artes,SP
SELLER_1576,80045,curitiba,PR
SELLER_1577,39801,castro pires,MG
SELLER_1578,3520,sao paulo,SP
SELLER_1579,13806,mogi mirim,SP
SELLER_1580,13880,vargem grande do sul,SP
SELLER_1581,3638,sao paulo,SP
SELLER_1582,5181,sao paulo,SP
SELLER_1583,80710,curitiba,PR
SELLER_1584,88061,florianopolis,SC
SELLER_1585,7082,guarulhos,SP
SELLER_1586,13060,campinas,SP
SELLER_1587,9721,sao bernardo do campo,SP
SELLER_1588,13500,rio claro,SP
SELLER_1589,82940,curitiba,PR
SELLER_1590,17580,pompeia,SP
SELLER_1591,15502,votuporanga,SP
SELLER_1592,98975,campina das missoes,RS
SELLER_1593,1206,sao paulo,SP
SELLER_1594,80730,curitiba,PR
SELLER_1595,18015,sorocaba,SP
SELLER_1596,4708,sao paulo,SP
SELLER_1597,88802,criciuma,SC
SELLER_1598,74565,goiania,GO
SELLER_1599,12940,atibaia,SP
SELLER_1600,12062,taubate,SP
SELLER_1601,2955,sao paulo,SP
SELLER_1602,14079,ribeirao preto,SP
SELLER_1603,4773,sao paulo,SP
SELLER_1604,6340,carapicuiba,SP
SELLER_1605,28941,sao pedro da aldeia,RJ
SELLER_1606,83323,pinhais,PR
SELLER_1607,14940,ibitinga,SP
SELLER_1608,13321,salto,SP
SELLER_1609,17510,marilia,SP
SELLER_1610,6455,barueri,SP
SELLER_1611,72304,brasilia,DF
SELLER_1612,3701,sao paulo,SP
SELLER_1613,2470,sao paulo,SP
SELLER_1614,52020,recife,PE
SELLER_1615,13070,campinas,SP
SELLER_1616,6330,carapicuiba,SP
SELLER_1617,18053,sorocaba,SP
SELLER_1618,3187,sao paulo,SP
SELLER_1619,7600,mairipora,SP
SELLER_1620,82620,curitiba,PR
SELLER_1621,2050,sao paulo,SP
SELLER_1622,4367,sao paulo,SP
SELLER_1623,13033,campinas,SP
SELLER_1624,25730,petropolis,RJ
SELLER_1625,13023,campinas,SP
SELLER_1626,2134,sao paulo,SP
SELLER_1627,3006,sao paulo,SP
SELLER_1628,80330,curitiba,PR
SELLER_1629,3265,sao paulo,SP
SELLER_1630,80220,curitiba,PR
SELLER_1631,24710,sao goncalo,RJ
SELLER_1632,86076,londrina,SP
SELLER_1633,4905,sao paulo,SP
SELLER_1634,13920,pedreira,SP
SELLER_1635,15806,catanduva,SP
SELLER_1636,21545,rio de janeiro,RJ
SELLER_1637,37564,borda da mata,MG
SELLER_1638,37795,andradas,MG
SELLER_1639,49980,neopolis,SE
SELLER_1640,8599,itaquaquecetuba,SP
SELLER_1641,17320,mineiros do tiete,SP
SELLER_1642,13224,varzea paulista,SP
SELLER_1643,3563,sao paulo,SP
SELLER_1644,13500,rio claro,SP
SELLER_1645,6332,carapicuiba,SP
SELLER_1646,82400,curitiba,PR
SELLER_1647,14092,ribeirao preto,SP
SELLER_1648,14075,ribeirao preto,SP
SELLER_1649,34006,nova lima,MG
SELLER_1650,36201,barbacena,MG
SELLER_1651,9360,maua,SP
SELLER_1652,4160,sao paulo,SP
SELLER_1653,9725,sao bernardo do campo,SP
SELLER_1654,9131,santo andre,SP
SELLER_1655,15290,buritama,SP
SELLER_1656,14407,franca,SP
SELLER_1657,87504,umuarama,PR
SELLER_1658,75650,morrinhos,GO
SELLER_1659,99700,erechim,RS
SELLER_1660,18200,itapetininga,SP
SELLER_1661,4710,sao paulo,SP
SELLER_1662,12240,sao jose dos campos,SP
SELLER_1663,13835,conchal,SP
SELLER_1664,8270,sao paulo,SP
SELLER_1665,89870,pinhalzinho,SC
SELLER_1666,18015,sorocaba,SP
SELLER_1667,90230,porto alegre,RS
SELLER_1668,3062,sao paulo,SP
SELLER_1669,12224,sao jose dos campos,SP
SELLER_1670,13690,descalvado,SP
SELLER_1671,11075,santos,SP
SELLER_1672,85200,pitanga,PR
SELLER_1673,22793,rio de janeiro,RJ
SELLER_1674,4870,sao paulo,SP
SELLER_1675,80230,curitiba,PR
SELLER_1676,13070,campinas,SP
SELLER_1677,1209,sao paulo,SP
SELLER_1678,13405,piracicaba,SP
SELLER_1679,4365,sao paulo,SP
SELLER_1680,17515,marilia,SP
SELLER_1681,95020,caxias do sul,RS
SELLER_1682,96400,bage,RS
SELLER_1683,3667,sao paulo,SP
SELLER_1684,5126,sao paulo,SP
SELLER_1685,86600,rolandia,PR
SELLER_1686,89190,taio,SC
SELLER_1687,3210,sao paulo,SP
SELLER_1688,18025,sorocaba,SP
SELLER_1689,16200,birigui,SP
SELLER_1690,1026,sao paulo,SP
SELLER_1691,4058,sao paulo,SP
SELLER_1692,16021,sp,SP
SELLER_1693,13457,santa barbara d'oeste,SP
SELLER_1694,14020,ribeirao preto,SP
SELLER_1695,19800,assis,SP
SELLER_1696,25645,petropolis,RJ
SELLER_1697,4319,sao paulo,SP
SELLER_1698,38701,patos de minas,MG
SELLER_1699,3916,sao paulo,SP
SELLER_1700,7077,garulhos,SP
SELLER_1701,30270,belo horizonte,MG
SELLER_1702,82640,curitiba,PR
SELLER_1703,89117,gaspar,SC
SELLER_1704,14940,ibitinga,SP
SELLER_1705,85601,francisco beltrao,PR
SELLER_1706,87030,maringa,PR
SELLER_1707,1511,sao paulo,SP
SELLER_1708,80240,curitiba,SP
SELLER_1709,17514,marilia,SP
SELLER_1710,18200,itapetininga,SP
SELLER_1711,35530,claudio,MG
SELLER_1712,13240,jarinu,SP
SELLER_1713,13347,indaiatuba,SP
SELLER_1714,15025,sao jose do rio preto,SP
SELLER_1715,14057,ribeirao preto,SP
SELLER_1716,38402,uberlandia,MG
SELLER_1717,31920,belo horizonte,MG
SELLER_1718,82510,curitiba,PR
SELLER_1719,95150,nova petropolis,RS
SELLER_1720,14079,ribeirao preto / sao paulo,SP
SELLER_1721,13506,rio claro,SP
SELLER_1722,15807,catanduva,SP
SELLER_1723,88340,camboriu,SC
SELLER_1724,14076,ribeirao preto,SP
SELLER_1725,88270,nova trento,SC
SELLER_1726,18103,sorocaba,SP
SELLER_1727,96020,pelotas,RS
SELLER_1728,82510,curitiba,PR
SELLER_1729,65072,sao luis,MA
SELLER_1730,2285,sao paulo,SP
SELLER_1731,86039,londrina,PR
SELLER_1732,81770,curitiba,PR
SELLER_1733,19013,presidente prudente,SP
SELLER_1734,22775,rio de janeiro,RJ
SELLER_1735,15051,sao jose do rio pret,SP
SELLER_1736,13160,artur nogueira,SP
SELLER_1737,19806,assis,SP
SELLER_1738,8275,sao paulo,SP
SELLER_1739,13420,sao paulo,SP
SELLER_1740,13330,indaiatuba,SP
SELLER_1741,88102,sao jose,SC
SELLER_1742,70070,brasilia,DF
SELLER_1743,89069,blumenau,SC
SELLER_1744,95800,venancio aires,RS
SELLER_1745,85880,itaipulandia,PR
SELLER_1746,9111,santo andre,SP
SELLER_1747,13040,campinas,SP
SELLER_1748,4850,sao paulo,SP
SELLER_1749,87025,maringa,PR
SELLER_1750,80540,curitiba,PR
SELLER_1751,85601,francisco beltrao,PR
SELLER_1752,83402,colombo,PR
SELLER_1753,14940,ibitinga,SP
SELLER_1754,86010,londrina,PR
SELLER_1755,3431,sao paulo,SP
SELLER_1756,14096,ribeirao preto,SP
SELLER_1757,31210,belo horizonte,MG
SELLER_1758,9541,sao caetano do sul,SP
SELLER_1759,14090,ribeirao preto,SP
SELLER_1760,15076,sao jose do rio preto,SP
SELLER_1761,13070,campinas,SP
SELLER_1762,5424,sao paulo,SP
SELLER_1763,15093,sao jose do rio preto,SP
SELLER_1764,93347,novo hamburgo,RS
SELLER_1765,2119,sao paulo,SP
SELLER_1766,88306,itajai,SC
SELLER_1767,52010,recife,PE
SELLER_1768,83280,guaratuba,PR
SELLER_1769,8290,sao paulo,SP
SELLER_1770,83535,campo magro,PR
SELLER_1771,3052,sao paulo,SP
SELLER_1772,30270,belo horizonte,MG
SELLER_1773,13076,campinas,SP
SELLER_1774,82515,curitiba,PR
SELLER_1775,13456,santa barbara d'oeste,SP
SELLER_1776,15075,sao jose do rio preto,SP
SELLER_1777,19804,assis,SP
SELLER_1778,8050,sao paluo,SP
SELLER_1779,87060,maringa,PR
SELLER_1780,11442,guaruja,SP
SELLER_1781,4367,sao paulo,SP
SELLER_1782,26051,rio de janeiro,RJ
SELLER_1783,87040,maringa,PR
SELLER_1784,85801,cascavel,PR
SELLER_1785,13215,jundiai,SP
SELLER_1786,37443,baependi,MG
SELLER_1787,9170,santo andre,SP
SELLER_1788,81070,curitiba,PR
SELLER_1789,88090,florianopolis,SC
SELLER_1790,4756,sao paulo,SP
SELLER_1791,31255,belo horizonte,MG
SELLER_1792,3809,sao paulo,SP
SELLER_1793,14085,ribeirao preto,SP
SELLER_1794,9812,sao bernardo do campo,SP
SELLER_1795,5734,sao paulo,SP
SELLER_1796,6900,embu guacu,SP
SELLER_1797,3461,sao paulo,SP
SELLER_1798,35530,claudio,MG
SELLER_1799,5763,sao paulo,SP
SELLER_1800,72318,brasilia,DF
SELLER_1801,14085,ribeirao preto,SP
SELLER_1802,9720,sao bernardo do campo,SP
SELLER_1803,2451,sao paulo,SP
SELLER_1804,85200,pitanga,PR
SELLER_1805,3962,sao paulo,SP
SELLER_1806,4282,sao paulo,SP
SELLER_1807,6276,osasco,SP
SELLER_1808,1021,sao paulo,SP
SELLER_1809,86703,arapongas,PR
SELLER_1810,14403,franca,SP
SELLER_1811,11701,praia grande,SP
SELLER_1812,14940,ibitinga,SP
SELLER_1813,8226,sao paulo,SP
SELLER_1814,9530,sao caetano do sul,SP
SELLER_1815,3001,sao paulo,SP
SELLER_1816,17056,bauru,SP
SELLER_1817,4843,sao paulo,SP
SELLER_1818,31520,belo horizonte,MG
SELLER_1819,9350,maua,SP
SELLER_1820,88075,florianopolis,SP
SELLER_1821,14401,franca,SP
SELLER_1822,38408,uberlandia,MG
SELLER_1823,13456,santa barbara d'oeste,SP
SELLER_1824,1550,sao paulo,SP
SELLER_1825,74343,goiania,GO
SELLER_1826,7133,guarulhos,SP
SELLER_1827,81050,curitiba,PR
SELLER_1828,89251,jaragua do sul,SC
SELLER_1829,96530,paraiso do sul,RS
SELLER_1830,12570,aparecida,SP
SELLER_1831,18015,sorocaba,SP
SELLER_1832,36773,cataguases,MG
SELLER_1833,2634,sao paulo,SP
SELLER_1834,82520,curitiba,PR
SELLER_1835,44600,ipira,SP
SELLER_1836,17250,bariri,SP
SELLER_1837,36300,sao joao del rei,MG
SELLER_1838,12231,sao jose dos campos,SP
SELLER_1839,13177,sumare,SP
SELLER_1840,13465,americana,SP
SELLER_1841,32185,contagem,MG
SELLER_1842,3647,sao paulo,SP
SELLER_1843,8710,mogi das cruzes,SP
SELLER_1844,14940,ibitinga,SP
SELLER_1845,4809,sao paulo,SP
SELLER_1846,13900,amparo,SP
SELLER_1847,27353,barra mansa,RJ
SELLER_1848,88306,itajai,SC
SELLER_1849,4362,sao paulo,SP
SELLER_1850,29150,cariacica,ES
SELLER_1851,11707,praia grande,SP
SELLER_1852,20910,rio de janeiro,RJ
SELLER_1853,3171,sao paulo,SP
SELLER_1854,75345,abadia de goias,GO
SELLER_1855,89165,rio do sul,SC
SELLER_1856,3573,sao paulo,SP
SELLER_1857,3929,sao paulo,SP
SELLER_1858,85905,toledo,PR
SELLER_1859,3191,sao paulo,SP
SELLER_1860,7077,guarulhos,SP
SELLER_1861,16074,aracatuba,SP
SELLER_1862,17512,marilia,SP
SELLER_1863,13473,americana,SP
SELLER_1864,30170,belo horizonte,MG
SELLER_1865,3410,sao paulo,SP
SELLER_1866,1552,sao paulo,SP
SELLER_1867,91910,porto alegre,RS
SELLER_1868,4763,sao paulo,SP
SELLER_1869,12230,sao jose dos campos,SP
SELLER_1870,6409,barueri,SP
SELLER_1871,83005,sao jose dos pinhais,PR
SELLER_1872,4276,sao paulo,SP
SELLER_1873,13560,sao carlos,SP
SELLER_1874,81520,curitiba,PR
SELLER_1875,85865,foz do iguacu,PR
SELLER_1876,88135,palhoca,SC
SELLER_1877,92020,canoas,RS
SELLER_1878,37410,tres coracoes,MG
SELLER_1879,13660,porto ferreira,SP
SELLER_1880,31340,contagem,MG
SELLER_1881,14075,ribeirao preto,SP
SELLER_1882,9570,sao caetano do sul,SP
SELLER_1883,37006,varginha,MG
SELLER_1884,99500,carazinho,RS
SELLER_1885,6097,osasco,SP
SELLER_1886,14940,ibitinga,SP
SELLER_1887,8280,sao paulo,SP
SELLER_1888,17580,pompeia,SP
SELLER_1889,30431,belo horizonte,MG
SELLER_1890,13800,mogi mirim,SP
SELLER_1891,12308,jacarei,SP
SELLER_1892,8290,sao paulo,SP
SELLER_1893,3872,sao paulo,SP
SELLER_1894,18220,alambari,SP
SELLER_1895,1156,sao paulo,SP
SELLER_1896,18683,lencois paulista,SP
SELLER_1897,16012,aracatuba,SP
SELLER_1898,87005,maringa,PR
SELLER_1899,85807,cascavel,PR
SELLER_1900,76900,ji parana,RO
SELLER_1901,27700,vassouras,RJ
SELLER_1902,17350,igaracu do tiete,SP
SELLER_1903,12600,lorena,SP
SELLER_1904,89136,rodeio,SC
SELLER_1905,13290,louveira,SP
SELLER_1906,15803,catanduva,SP
SELLER_1907,17506,marilia,SP
SELLER_1908,89215,joinville,SC
SELLER_1909,28470,santo antonio de padua,RJ
SELLER_1910,14940,ibitinga,SP
SELLER_1911,87020,maringa,PR
SELLER_1912,6040,osasco,SP
SELLER_1913,12924,braganca paulista,SP
SELLER_1914,89150,presidente getulio,SC
SELLER_1915,12995,pinhalzinho,SP
SELLER_1916,89620,campos novos,SC
SELLER_1917,4273,sao paulo,SP
SELLER_1918,2150,sao paulo,SP
SELLER_1919,45820,eunapolis,BA
SELLER_1920,13482,limeira,SP
SELLER_1921,13165,engenheiro coelho,SP
SELLER_1922,8011,sao paulo,SP
SELLER_1923,13390,rio das pedras,SP
SELLER_1924,89220,joinville,SC
SELLER_1925,3147,sao paulo,SP
SELLER_1926,6663,itapevi,SP
SELLER_1927,15601,fernandopolis,SP
SELLER_1928,29600,afonso claudio,ES
SELLER_1929,18279,tatui,SP
SELLER_1930,5170,sao paulo,SP
SELLER_1931,15055,sao jose do rio preto,SP
SELLER_1932,4476,sao paulo,SP
SELLER_1933,2030,sao paulo,SP
SELLER_1934,13040,campinas,SP
SELLER_1935,3017,sao paulo,SP
SELLER_1936,85810,cascavel,PR
SELLER_1937,6311,carapicuiba / sao paulo,SP
SELLER_1938,13154,cosmopolis,SP
SELLER_1939,15050,sao jose do rio preto,SP
SELLER_1940,13084,campinas,SP
SELLER_1941,6186,osasco,SP
SELLER_1942,38414,uberlandia,MG
SELLER_1943,24020,niteroi,RJ
SELLER_1944,4251,sao paulo,SP
SELLER_1945,80045,curitiba,PR
SELLER_1946,86800,apucarana,PR
SELLER_1947,4424,sao paulo,SP
SELLER_1948,4293,sao paulo,SP
SELLER_1949,6317,carapicuiba,SP
SELLER_1950,35170,coronel fabriciano,MG
SELLER_1951,2963,sao paulo,SP
SELLER_1952,7412,aruja,SP
SELLER_1953,35660,centro,MG
SELLER_1954,19815,assis,SP
SELLER_1955,4904,sao paulo,SP
SELLER_1956,89225,joinville,SC
SELLER_1957,8275,sao paulo,SP
SELLER_1958,87083,parana,PR
SELLER_1959,90630,porto alegre,RS
SELLER_1960,88215,bombinhas,SC
SELLER_1961,13140,paulinia,SP
SELLER_1962,3345,sao paulo,SP
SELLER_1963,6283,osasco,SP
SELLER_1964,13360,capivari,SP
SELLER_1965,6696,itapevi,SP
SELLER_1966,14401,franca,SP
SELLER_1967,9220,santo andre,SP
SELLER_1968,87050,maringa,PR
SELLER_1969,9921,diadema,SP
SELLER_1970,13880,vargem grande do sul,SP
SELLER_1971,22051,rio de janeiro,RJ
SELLER_1972,7084,guarulhos,SP
SELLER_1973,3029,sao paulo,SP
SELLER_1974,3426,sao paulo,SP
SELLER_1975,32280,contagem,MG
SELLER_1976,15013,sao jose do rio preto,SP
SELLER_1977,14940,ibitinga,SP
SELLER_1978,13405,piracicaba,SP
SELLER_1979,18401,itapeva,SP
SELLER_1980,35700,sete lagoas,MG
SELLER_1981,13418,piracicaba,SP
SELLER_1982,12940,atibaia,SP
SELLER_1983,9280,santo andre,SP
SELLER_1984,11600,sao sebastiao,SP
SELLER_1985,3976,sao paulo,SP
SELLER_1986,16500,cafelandia,SP
SELLER_1987,17290,macatuba,SP
SELLER_1988,11707,praia grande,SP
SELLER_1989,13908,amparo,SP
SELLER_1990,89560,videira,SC
SELLER_1991,72251,brasilia,DF
SELLER_1992,88137,palhoca,SC
SELLER_1993,13870,sao joao da boa vista,SP
SELLER_1994,2236,sao paulo,SP
SELLER_1995,88813,criciuma,SC
SELLER_1996,84530,teixeira soares,PR
SELLER_1997,26551,mesquita,RJ
SELLER_1998,81720,curitiba,PR
SELLER_1999,2544,sao paulo,SP
SELLER_2000,87160,mandaguacu,PR
SELLER_2001,83823,fazenda rio grande,PR
SELLER_2002,2710,sao paulo,SP
SELLER_2003,25957,teresopolis,RJ
SELLER_2004,17606,sao paulo,SP
SELLER_2005,87015,maringa,PR
SELLER_2006,89180,rio do oeste,SC
SELLER_2007,3804,sao paulo,SP
SELLER_2008,13339,indaiatuba,SP
SELLER_2009,88330,balneario camboriu,SC
SELLER_2010,13403,piracicaba,SP
SELLER_2011,83280,guaratuba,PR
SELLER_2012,14802,araraquara,SP
SELLER_2013,88135,palhoca,SC
SELLER_2014,7176,guarulhos,SP
SELLER_2015,81510,curitiba,PR
SELLER_2016,12215,sao jose dos campos,SP
SELLER_2017,13573,sao carlos,SP
SELLER_2018,11010,santos,SP
SELLER_2019,87025,vendas@creditparts.com.br,PR
SELLER_2020,28950,armacao dos buzios,RJ
SELLER_2021,4714,sao paulo,SP
SELLER_2022,5127,sao paulo,SP
SELLER_2023,35670,mateus leme,MG
SELLER_2024,3581,sao paulop,SP
SELLER_2025,87083,maringa,PR
SELLER_2026,1408,sao paulo,SP
SELLER_2027,6766,taboao da serra,SP
SELLER_2028,14940,ibitinga,SP
SELLER_2029,11431,guaruja,SP
SELLER_2030,36087,juiz de fora,MG
SELLER_2031,4438,sao paulo,SP
SELLER_2032,74305,goiania,GO
SELLER_2033,9041,santo andre,SP
SELLER_2034,13232,campo limpo paulista,SP
SELLER_2035,13960,socorro,SP
SELLER_2036,2475,sao paulo,SP
SELLER_2037,13070,campinas,SP
SELLER_2038,13271,valinhos,SP
SELLER_2039,1512,sao paulo,SP
SELLER_2040,29161,serra,ES
SELLER_2041,83450,bocaiuva do sul,PR
SELLER_2042,3304,sao paulo,SP
SELLER_2043,3273,sao paulo,SP
SELLER_2044,17051,bauru,SP
SELLER_2045,31573,belo horizonte,MG
SELLER_2046,13471,americana,SP
SELLER_2047,45658,ilheus,BA
SELLER_2048,88715,jaguaruna,SC
SELLER_2049,13911,jaguariuna,SP
SELLER_2050,6440,barueri,SP
SELLER_2051,15015,sao jose do rio preto,SP
SELLER_2052,95780,montenegro,RS
SELLER_2053,14940,ibitinga,SP
SELLER_2054,24440,sao goncalo,RJ
SELLER_2055,5743,sao paulo,SP
SELLER_2056,89203,joinville,SC
SELLER_2057,32240,contagem,MG
SELLER_2058,4291,sao paulo,SP
SELLER_2059,2110,sao paulo,SP
SELLER_2060,8577,itaquaquecetuba,SP
SELLER_2061,8420,sao paulo,SP
SELLER_2062,17018,bauru,SP
SELLER_2063,95625,imbe,RS
SELLER_2064,6419,barueri,SP
SELLER_2065,4101,sao paulo,SP
SELLER_2066,6150,osasco,SP
SELLER_2067,83323,pinhais,PR
SELLER_2068,9090,santo andre,SP
SELLER_2069,5043,sao paulo,SP
SELLER_2070,83602,campo largo,PR
SELLER_2071,14021,ribeirao preto,SP
SELLER_2072,95020,caxias do sul,RS
SELLER_2073,99300,soledade,RS
SELLER_2074,31035,belo horizonte,MG
SELLER_2075,7790,cajamar,SP
SELLER_2076,72015,brasilia,DF
SELLER_2077,3725,sao paulo,SP
SELLER_2078,88303,itajai,SC
SELLER_2079,14801,araraquara,SP
SELLER_2080,35700,sete lagoas,MG
SELLER_2081,36032,juiz de fora,MG
SELLER_2082,89295,rio negrinho,SC
SELLER_2083,5530,sao paulo,SP
SELLER_2084,6018,osasco,SP
SELLER_2085,13840,mogi guacu,SP
SELLER_2086,16250,clementina,SP
SELLER_2087,2610,sao paulo,SP
SELLER_2088,15070,sao jose do rio preto,SP
SELLER_2089,71825,brasilia,DF
SELLER_2090,4250,sao paulo,SP
SELLER_2091,1220,sao paulo,SP
SELLER_2092,9175,santo andre,SP
SELLER_2093,18044,sorocaba,SP
SELLER_2094,13450,santa barbara dÂ´oeste,SP
SELLER_2095,25035,duque de caxias,RJ
SELLER_2096,14780,barretos,SP
SELLER_2097,86047,londrina,PR
SELLER_2098,7901,francisco morato,SP
SELLER_2099,13232,campo limpo paulista,SP
SELLER_2100,96203,rio grande,RS
SELLER_2101,89041,blumenau,SC
SELLER_2102,87040,maringa,PR
SELLER_2103,89825,xaxim,SC
SELLER_2104,20061,rio de janeiro,RJ
SELLER_2105,1257,sao paulo,SP
SELLER_2106,87025,maringa,PR
SELLER_2107,14020,ribeirao preto,SP
SELLER_2108,80215,curitiba,PR
SELLER_2109,74210,goiania,GO
SELLER_2110,89160,rio do sul,SC
SELLER_2111,1031,sao paulo,SP
SELLER_2112,80230,curitiba,PR
SELLER_2113,9340,maua,SP
SELLER_2114,69005,manaus,AM
SELLER_2115,3542,sao paulo,SP
SELLER_2116,2411,sao paulo,SP
SELLER_2117,5455,sao paulo,SP
SELLER_2118,15115,bady bassitt,SP
SELLER_2119,24120,niteroi,RJ
SELLER_2120,87240,terra boa,PR
SELLER_2121,8011,sao paulo,SP
SELLER_2122,13660,porto ferreira,SP
SELLER_2123,18608,botucatu,SP
SELLER_2124,15070,sao jose do rio preto,SP
SELLER_2125,78020,cuiaba,MT
SELLER_2126,37165,minas gerais,MG
SELLER_2127,4083,sao paulo,SP
SELLER_2128,18130,sao roque,SP
SELLER_2129,6694,itapevi,SP
SELLER_2130,6790,taboao da serra,SP
SELLER_2131,89023,blumenau,SC
SELLER_2132,9720,sao bernardo do campo,SP
SELLER_2133,2066,sao paulo,SP
SELLER_2134,87050,maringa,PR
SELLER_2135,13347,indaiatuba,SP
SELLER_2136,4265,sao paulo,SP
SELLER_2137,87502,umuarama,PR
SELLER_2138,13920,pedreira,SP
SELLER_2139,3560,sao paulo,SP
SELLER_2140,18701,avare,SP
SELLER_2141,17400,garca,SP
SELLER_2142,32419,ibirite,MG
SELLER_2143,83607,campo largo,PR
SELLER_2144,3731,sao paulo,SP
SELLER_2145,14401,franca,SP
SELLER_2146,31710,belo horizonte,MG
SELLER_2147,14790,guaira,SP
SELLER_2148,4660,sao paulo,SP
SELLER_2149,13347,indaiatuba,SP
SELLER_2150,82315,curitiba,PR
SELLER_2151,6715,cotia,SP
SELLER_2152,32604,betim,MG
SELLER_2153,8030,sao paulo,SP
SELLER_2154,36046,juiz de fora,MG
SELLER_2155,2334,sao paulo,SP
SELLER_2156,14401,franca,SP
SELLER_2157,85875,santa terezinha de itaipu,PR
SELLER_2158,20761,rio de janeiro,RJ
SELLER_2159,17370,santa maria da serra,SP
SELLER_2160,15350,auriflama,SP
SELLER_2161,9710,sao bernardo do campo,SP
SELLER_2162,16200,birigui,SP
SELLER_2163,88704,tubarao,SC
SELLER_2164,79112,campo grande,MS
SELLER_2165,17300,dois corregos,SP
SELLER_2166,3168,sao paulo,SP
SELLER_2167,98290,condor,RS
SELLER_2168,13251,itatiba,SP
SELLER_2169,14940,ibitinga,SP
SELLER_2170,6539,santana de parnaiba,SP
SELLER_2171,80010,curitiba,PR
SELLER_2172,38401,uberlandia,MG
SELLER_2173,74590,goiania,GO
SELLER_2174,85875,santa terezinha de itaipu,PR
SELLER_2175,72210,brasilia,DF
SELLER_2176,38700,patos de minas,MG
SELLER_2177,20950,rio de janeiro,RJ
SELLER_2178,38950,ibia,MG
SELLER_2179,7192,guarulhos,SP
SELLER_2180,85801,cascavel,PR
SELLER_2181,13272,valinhos,SP
SELLER_2182,14021,ribeirao preto,SP
SELLER_2183,4679,sao paulo,SP
SELLER_2184,1421,sao paulo,SP
SELLER_2185,46430,guanambi,BA
SELLER_2186,61658,caucaia,CE
SELLER_2187,89052,blumenau,SP
SELLER_2188,87013,maringa,PR
SELLER_2189,89650,treze tilias,SC
SELLER_2190,35547,carmo da mata,MG
SELLER_2191,88370,navegantes,SC
SELLER_2192,92030,canoas,RS
SELLER_2193,35400,ouro preto,MG
SELLER_2194,14940,ibitinga,SP
SELLER_2195,33600,pedro leopoldo,MG
SELLER_2196,87070,maringa,PR
SELLER_2197,5571,sao paulo,SP
SELLER_2198,8270,sao paulo,SP
SELLER_2199,3111,sao paulo,SP
SELLER_2200,14270,santa rosa de viterbo,SP
SELLER_2201,89036,blumenau,SC
SELLER_2202,89820,xanxere,SC
SELLER_2203,90620,porto alegre,RS
SELLER_2204,35500,divinopolis,MG
SELLER_2205,7411,sao paulo,SP
SELLER_2206,7023,guarulhos,SP
SELLER_2207,80310,curitiba,PR
SELLER_2208,19160,alvares machado,SP
SELLER_2209,21840,rio de janeiro,RJ
SELLER_2210,30390,belo horizonte,MG
SELLER_2211,18060,sorocaba,SP
SELLER_2212,88132,palhoca,SC
SELLER_2213,13720,scao jose do rio pardo,SP
SELLER_2214,87015,maringa,PR
SELLER_2215,9180,santo andre,SP
SELLER_2216,9785,sao bernardo do campo,SP
SELLER_2217,19806,assis,SP
SELLER_2218,11709,praia grande,SP
SELLER_2219,21510,rio de janeiro,RJ
SELLER_2220,14850,pradopolis,SP
SELLER_2221,4547,sao paulo,SP
SELLER_2222,14070,ribeirao preto,SP
SELLER_2223,31110,belo horizonte,MG
SELLER_2224,81460,curitiba,PR
SELLER_2225,13206,jundiai,SP
SELLER_2226,4104,sao paulo,SP
SELLER_2227,3106,sao paulo,SP
SELLER_2228,1123,sao paulo,SP
SELLER_2229,30130,belo horizonte,MG
SELLER_2230,89520,curitibanos,SC
SELLER_2231,18500,laranjal paulista,SP
SELLER_2232,14093,ribeirao preto,SP
SELLER_2233,14096,ribeirao preto,SP
SELLER_2234,14940,ibitinga,SP
SELLER_2235,3124,sao paulo,SP
SELLER_2236,36010,juiz de fora,MG
SELLER_2237,81020,curitiba,SP
SELLER_2238,3182,sao paulo,SP
SELLER_2239,7124,guarulhos,SP
SELLER_2240,13140,paulinia,SP
SELLER_2241,15061,sao jose do rio preto,SP
SELLER_2242,21740,rio de janeiro,RJ
SELLER_2243,14090,ribeirao preto,SP
SELLER_2244,22640,rio de janeiro,RJ
SELLER_2245,7013,guarulhos,SP
SELLER_2246,38442,araguari,MG
SELLER_2247,33940,ribeirao das neves,MG
SELLER_2248,9551,sao caetano do sul,SP
SELLER_2249,93348,novo hamburgo,RS
SELLER_2250,14015,sao paulo,SP
SELLER_2251,18017,sorocaba,SP
SELLER_2252,37704,pocos de caldas,MG
SELLER_2253,18076,sorocaba,SP
SELLER_2254,81560,curitiba,PR
SELLER_2255,3334,sao paulo,SP
SELLER_2256,38400,uberlandia,MG
SELLER_2257,32310,contagem,MG
SELLER_2258,90240,porto alegre,RS
SELLER_2259,3063,sao paulo,SP
SELLER_2260,5141,sp,SP
SELLER_2261,1452,sao paulo,SP
SELLER_2262,29315,cachoeiro de itapemirim,ES
SELLER_2263,17017,bauru,SP
SELLER_2264,5302,sao paulo,SP
SELLER_2265,95270,flores da cunha,RS
SELLER_2266,25530,sao joao de meriti,RJ
SELLER_2267,89108,massaranduba,SC
SELLER_2268,11430,guaruja,SP
SELLER_2269,2614,sao paulo,SP
SELLER_2270,4270,sao paulo,SP
SELLER_2271,60348,fortaleza,CE
SELLER_2272,2415,sao paulo,SP
SELLER_2273,13360,capivari,SP
SELLER_2274,86300,cornelio procopio,PR
SELLER_2275,12243,sao jose dos campos,SP
SELLER_2276,95013,caxias do sul,RS
SELLER_2277,2422,sao paulo,SP
SELLER_2278,32315,contagem,MG
SELLER_2279,95098,caxias do sul,RS
SELLER_2280,2028,sao paulo,SP
SELLER_2281,87050,maringa,PR
SELLER_2282,3971,sao paulo,SP
SELLER_2283,13060,campinas,SP
SELLER_2284,13487,limeira,SP
SELLER_2285,8430,sao paulo,SP
SELLER_2286,12331,jacarei,SP
SELLER_2287,8500,ferraz de vasconcelos,SP
SELLER_2288,13090,campinas,SP
SELLER_2289,14020,ribeirao preto,SP
SELLER_2290,4516,sao paulo,SP
SELLER_2291,3318,sao paulo,SP
SELLER_2292,30668,belo horizonte,MG
SELLER_2293,5141,pirituba,SP
SELLER_2294,4209,sao paulo,SP
SELLER_2295,2242,sao paulo,SP
SELLER_2296,12913,braganca paulista,SP
SELLER_2297,14940,ibitinga,SP
SELLER_2298,3461,sao paulo,SP
SELLER_2299,12270,jambeiro,SP
SELLER_2300,13328,salto,SP
SELLER_2301,35590,lagoa da prata,MG
SELLER_2302,82560,curitiba,PR
SELLER_2303,93040,sao leopoldo,RS
SELLER_2304,27345,barra mansa,RJ
SELLER_2305,15025,sao jose do rio preto,SP
SELLER_2306,71900,aguas claras df,SP
SELLER_2307,3009,sao paulo,SP
SELLER_2308,9572,sao caetano do sul,SP
SELLER_2309,14027,ribeirao pretp,SP
SELLER_2310,2916,sao paulo,SP
SELLER_2311,2443,sao paulo,SP
SELLER_2312,14940,ibitinga,SP
SELLER_2313,21320,rio de janeiro,SP
SELLER_2314,3287,sao paulo,SP
SELLER_2315,1208,sao paulo,SP
SELLER_2316,44002,feira de santana,BA
SELLER_2317,86073,londrina,PR
SELLER_2318,5186,sao paulo,SP
SELLER_2319,88037,florianopolis,SC
SELLER_2320,13040,campinas,SP
SELLER_2321,89164,rio do sul,SC
SELLER_2322,91150,porto alegre,RS
SELLER_2323,6018,osasco,SP
SELLER_2324,13660,porto ferreira,SP
SELLER_2325,13920,pedreira,SP
SELLER_2326,23587,rio de janeiro,RJ
SELLER_2327,6465,barueri,SP
SELLER_2328,91920,porto alegre,RS
SELLER_2329,96503,cachoeira do sul,RS
SELLER_2330,14840,guariba,SP
SELLER_2331,4101,sao paulo,SP
SELLER_2332,11030,santos,SP
SELLER_2333,13790,sao sebastiao da grama/sp,SP
SELLER_2334,17900,dracena,SP
SELLER_2335,18500,laranjal paulista,SP
SELLER_2336,6501,santana de parnaiba,SP
SELLER_2337,6473,barueri,SP
SELLER_2338,5676,sao paulo,SP
SELLER_2339,2839,sao paulo,SP
SELLER_2340,14010,ribeirao preto,SP
SELLER_2341,9725,sao bernardo do campo,SP
SELLER_2342,4141,sao paulo,SP
SELLER_2343,22775,rio de janeiro,RJ
SELLER_2344,17400,garca,SP
SELLER_2345,12604,lorena,SP
SELLER_2346,86030,londrina,PR
SELLER_2347,31140,belo horizonte,MG
SELLER_2348,13465,americana,SP
SELLER_2349,7221,guarulhos,SP
SELLER_2350,19906,ourinhos,SP
SELLER_2351,14940,ibitinga,SP
SELLER_2352,80220,curitiba,PR
SELLER_2353,87900,loanda,PR
SELLER_2354,17250,bariri,SP
SELLER_2355,8832,mogi das cruzes,SP
SELLER_2356,3018,sao paulo,SP
SELLER_2357,20040,rio de janeiro,RJ
SELLER_2358,28810,rio bonito,SP
SELLER_2359,11720,praia grande,SP
SELLER_2360,17209,jau,SP
SELLER_2361,14078,robeirao preto,SP
SELLER_2362,3237,sao paulo,SP
SELLER_2363,89228,joinville,SC
SELLER_2364,7170,guarulhos,SP
SELLER_2365,3880,sao paulo,SP
SELLER_2366,14020,ribeirao preto,SP
SELLER_2367,89504,cacador,SC
SELLER_2368,5008,sao paulo,SP
SELLER_2369,89288,sao bento do sul,SC
SELLER_2370,21510,rio de janeiro,RJ
SELLER_2371,1041,sao paulo,SP
SELLER_2372,14802,araraquara,SP
SELLER_2373,72460,gama,DF
SELLER_2374,17504,marilia,SP
SELLER_2375,4208,sao paulo,SP
SELLER_2376,80040,curitiba,PR
SELLER_2377,19020,presidente prudente,SP
SELLER_2378,83005,sao jose dos pinhais,PR
SELLER_2379,13520,sao pedro,SP
SELLER_2380,26379,queimados,RJ
SELLER_2381,2929,sao paulo,SP
SELLER_2382,16304,penapolis,SP
SELLER_2383,18110,votorantim,SP
SELLER_2384,3586,sao paulo,SP
SELLER_2385,17017,bauru,SP
SELLER_2386,80420,curitiba,PR
SELLER_2387,6871,itapecerica da serra,SP
SELLER_2388,13214,jundiai,SP
SELLER_2389,11990,cananeia,SP
SELLER_2390,14055,ribeirao preto,SP
SELLER_2391,7070,guarulhos,SP
SELLER_2392,41820,salvador,BA
SELLER_2393,17032,bauru,SP
SELLER_2394,35160,ipatinga,MG
SELLER_2395,27321,barra mansa,RJ
SELLER_2396,95705,bento goncalves,RS
SELLER_2397,3553,sao paulo,SP
SELLER_2398,13214,jundiai,SP
SELLER_2399,13380,nova odessa,SP
SELLER_2400,88372,navegantes,SC
SELLER_2401,3028,sao paulo,SP
SELLER_2402,14095,ribeirao preto,SP
SELLER_2403,87065,maringa,PR
SELLER_2404,2124,sao paulo,SP
SELLER_2405,9710,sao bernardo do campo,SP
SELLER_2406,13845,mogi guacu,SP
SELLER_2407,3064,sao paulo,SP
SELLER_2408,22790,rio de janeiro,RJ
SELLER_2409,13481,limeira,SP
SELLER_2410,82620,curitiba,PR
SELLER_2411,95088,caxias do sul,RS
SELLER_2412,2918,sao paulo,SP
SELLER_2413,84925,pinhalao,PR
SELLER_2414,88960,sombrio,SC
SELLER_2415,30220,belo horizonte,MG
SELLER_2416,88010,florianopolis,SC
SELLER_2417,38022,uberaba,MG
SELLER_2418,14075,ribeirao preto,SP
SELLER_2419,2873,sao paulo,SP
SELLER_2420,19802,assis,SP
SELLER_2421,13424,piracicaba,SP
SELLER_2422,87303,campo mourao,PR
SELLER_2423,3204,sao paulo,SP
SELLER_2424,55002,caruaru,PE
SELLER_2425,9571,sao caetano do sul,SP
SELLER_2426,13840,mogi guacu,SP
SELLER_2427,3872,sao paulo,SP
SELLER_2428,4208,sao paulo,SP
SELLER_2429,81200,curitiba,PR
SELLER_2430,81650,curitiba,PR
SELLER_2431,86801,apucarana,PR
SELLER_2432,83408,colombo,PR
SELLER_2433,89820,xanxere,SC
SELLER_2434,83323,pinhais,PR
SELLER_2435,38400,uberlandia,MG
SELLER_2436,26285,nova iguacu,RJ
SELLER_2437,4104,sao paulo,SP
SELLER_2438,21921,rio de janeiro,RJ
SELLER_2439,36213,dores de campos,MG
SELLER_2440,8223,sao paulo,SP
SELLER_2441,81880,curitiba,PR
SELLER_2442,3655,sao paulo,SP
SELLER_2443,19023,presidente prudente,SP
SELLER_2444,13091,campinas,SP
SELLER_2445,37175,ilicinea,MG
SELLER_2446,88301,itajai,SC
SELLER_2447,3480,sao paulo,SP
SELLER_2448,4282,sao paulo,SP
SELLER_2449,88113,sao jose,SC
SELLER_2450,4176,sao paulo,SP
SELLER_2451,14940,ibitinga,SP
SELLER_2452,9561,sao caetano do sul,SP
SELLER_2453,86181,cambe,PR
SELLER_2454,35900,itabira,MG
SELLER_2455,3504,sao paulo,SP
SELLER_2456,3068,sao paulo,SP
SELLER_2457,85960,marechal candido rondon,PR
SELLER_2458,8246,sao paulo,SP
SELLER_2459,14860,barrinha,SP
SELLER_2460,81070,curitiba,PR
SELLER_2461,8180,sao paulo,SP
SELLER_2462,89022,blumenau,SC
SELLER_2463,89031,blumenau,SC
SELLER_2464,90250,porto alegre,RS
SELLER_2465,74110,goiania,GO
SELLER_2466,86800,apucarana,PR
SELLER_2467,3813,sao paulo,SP
SELLER_2468,89280,sao bento do sul,SC
SELLER_2469,3320,sao paulo,SP
SELLER_2470,12942,atibaia,SP
SELLER_2471,71215,brasilia,DF
SELLER_2472,87230,jussara,PR
SELLER_2473,14090,ribeirao preto,SP
SELLER_2474,87050,maringa,PR
SELLER_2475,85815,cascavel,PR
SELLER_2476,85960,marechal candido rondon,PA
SELLER_2477,13471,americana,SP
SELLER_2478,14405,franca,SP
SELLER_2479,5004,sao paulo,SP
SELLER_2480,6711,cotia,SP
SELLER_2481,83321,pinhais,SP
SELLER_2482,87015,maringa,PR
SELLER_2483,86060,londrina,PR
SELLER_2484,84600,uniao da vitoria,PR
SELLER_2485,7180,guarulhos,SP
SELLER_2486,13030,campinas,SP
SELLER_2487,13920,pedreira,SP
SELLER_2488,13205,jundiai,SP
SELLER_2489,9891,sao bernardo do campo,SP
SELLER_2490,11010,santos,SP
SELLER_2491,19830,echapora,SP
SELLER_2492,38183,araxa,MG
SELLER_2493,15505,votuporanga,SP
SELLER_2494,11015,santos,SP
SELLER_2495,89460,canoinhas,SC
SELLER_2496,21040,rio de janeiro,RJ
SELLER_2497,14110,ribeirao preto,SP
SELLER_2498,95840,triunfo,RS
SELLER_2499,29166,serra,ES
SELLER_2500,96816,santa cruz do sul,RS
SELLER_2501,4461,sao paulo,SP
SELLER_2502,14940,ibitinga,SP
SELLER_2503,2265,sao paulo,SP
SELLER_2504,6080,osasco,SP
SELLER_2505,6286,osasco,SP
SELLER_2506,80240,curitiba,PR
SELLER_2507,82300,curitiba,PR
SELLER_2508,5849,sao paulo,SP
SELLER_2509,23092,rio de janeiro,RJ
SELLER_2510,15802,catanduva,SP
SELLER_2511,3702,sao paulo,SP
SELLER_2512,8577,itaquaquecetuba,SP
SELLER_2513,86690,colorado,PR
SELLER_2514,88220,itapema,SC
SELLER_2515,88352,brusque,SC
SELLER_2516,4208,sao paulo,SP
SELLER_2517,28950,armacao dos buzios,RJ
SELLER_2518,89208,joinville,SC
SELLER_2519,3319,sao paulo,SP
SELLER_2520,5624,sao paulo,SP
SELLER_2521,87045,maringa,PR
SELLER_2522,59020,natal,RN
SELLER_2523,6192,osasco,SP
SELLER_2524,87043,maringa,PR
SELLER_2525,2350,sao paulo,SP
SELLER_2526,19029,presidente prudente,SP
SELLER_2527,17209,jau,SP
SELLER_2528,85880,itaipulandia,PR
SELLER_2529,37540,santa rita do sapucai,MG
SELLER_2530,95012,caxias do sul,RS
SELLER_2531,2040,sao paulo,SP
SELLER_2532,80620,curitiba,PR
SELLER_2533,70719,brasilia,DF
SELLER_2534,3168,sao paulo,SP
SELLER_2535,3476,sao paulo,SP
SELLER_2536,12940,atibaia,SP
SELLER_2537,93800,sapiranga,RS
SELLER_2538,83020,sao jose dos pinhais,PR
SELLER_2539,83833,fazenda rio grande,PR
SELLER_2540,74333,goiania,GO
SELLER_2541,13324,salto,SP
SELLER_2542,3138,sao paulo,SP
SELLER_2543,1201,sao paulo,SP
SELLER_2544,30882,belo horizonte,MG
SELLER_2545,5468,sao paulo,SP
SELLER_2546,9961,diadema,SP
SELLER_2547,1026,sao paulo,SP
SELLER_2548,4243,sao paulo,SP
SELLER_2549,92120,canoas,RS
SELLER_2550,87702,paranavai,PR
SELLER_2551,38400,uberlandia,MG
SELLER_2552,14055,ribeirao preto,SP
SELLER_2553,6506,santana de parnaiba,SP
SELLER_2554,71931,brasilia,DF
SELLER_2555,31365,belo horizonte,MG
SELLER_2556,94810,alvorada,RS
SELLER_2557,20091,rio de janeiro,RJ
SELLER_2558,4131,sao paulo,SP
SELLER_2559,1212,sao paulo,SP
SELLER_2560,18270,tatui,SP
SELLER_2561,11900,registro,SP
SELLER_2562,13474,americana,SP
SELLER_2563,4733,sao paulo,SP
SELLER_2564,3165,sao paulo,SP
SELLER_2565,18950,ipaussu,SP
SELLER_2566,86010,londrina,PR
SELLER_2567,1208,sao paulo,SP
SELLER_2568,36325,tiradentes,MG
SELLER_2569,75901,rio verde,GO
SELLER_2570,25900,mage,RJ
SELLER_2571,75124,anapolis,GO
SELLER_2572,3565,sao paulo,SP
SELLER_2573,4696,sao paulo,SP
SELLER_2574,1309,sao paulo,SP
SELLER_2575,6764,tabao da serra,SP
SELLER_2576,3908,sao paulo,SP
SELLER_2577,70856,brasilia,DF
SELLER_2578,3641,sao paulo,SP
SELLER_2579,31980,belo horizonte,MG
SELLER_2580,1310,sao paulo,SP
SELLER_2581,3445,sao paulo,SP
SELLER_2582,5417,sao paulo,SP
SELLER_2583,9951,diadema,SP
SELLER_2584,84172,castro,PR
SELLER_2585,90520,porto alegre,RS
SELLER_2586,2281,sao paulo,SP
SELLER_2587,3279,sao paulo,SP
SELLER_2588,16306,penapolis,SP
SELLER_2589,5104,sao paulo,SP
SELLER_2590,87114,sarandi,PR
SELLER_2591,6760,sao paulo,SP
SELLER_2592,12327,jacarei,SP
SELLER_2593,12230,sao jose dos campos,SP
SELLER_2594,88308,itajai,SC
SELLER_2595,8072,sao paulo,SP
SELLER_2596,18590,bofete,SP
SELLER_2597,9080,santo andre,SP
SELLER_2598,2336,sao paulo,SP
SELLER_2599,21825,rio de janeiro,RJ
SELLER_2600,14096,ribeirao preto,SP
SELLER_2601,8070,sao paulo,SP
SELLER_2602,9171,santo andre,SP
SELLER_2603,17510,marilia,SP
SELLER_2604,20551,rio de janeiro,RJ
SELLER_2605,15013,sao jose do rio preto,SP
SELLER_2606,4607,sao paulo,SP
SELLER_2607,7097,guarulhos,SP
SELLER_2608,7791,cajamar,SP
SELLER_2609,18111,votorantim,SP
SELLER_2610,95180,farroupilha,RS
SELLER_2611,6716,cotia,SP
SELLER_2612,13901,amparo,SP
SELLER_2613,37443,baependi,MG
SELLER_2614,29056,vitoria,ES
SELLER_2615,75650,morrinhos,GO
SELLER_2616,8541,ferraz de vasconcelos,SP
SELLER_2617,9010,santo andre,SP
SELLER_2618,9780,sao bernardo do campo,SP
SELLER_2619,5051,sao paulo,SP
SELLER_2620,2522,sao paulo,SP
SELLER_2621,5879,sao paulo,SP
SELLER_2622,86702,arapongas,PR
SELLER_2623,28615,nova friburgo,RJ
SELLER_2624,18136,sao roque,SP
SELLER_2625,4007,sao paulo - sp,SP
SELLER_2626,74150,goiania,GO
SELLER_2627,8215,sao paulo,SP
SELLER_2628,15131,mirassol,SP
SELLER_2629,88960,sombrio,SC
SELLER_2630,80620,curitiba,PR
SELLER_2631,29100,vila velha,ES
SELLER_2632,8275,sao paulo,SP
SELLER_2633,24900,marica,RJ
SELLER_2634,22240,rio de janeiro,RJ
SELLER_2635,24310,niteroi,RJ
SELLER_2636,14402,franca,SP
SELLER_2637,36407,conselheiro lafaiete,MG
SELLER_2638,85812,cascavel,PR
SELLER_2639,87015,maringa,PR
SELLER_2640,86010,londrina,PR
SELLER_2641,85816,cascavel,PR
SELLER_2642,76330,jaragua,GO
SELLER_2643,13250,itatiba,SP
SELLER_2644,4795,sao paulo,SP
SELLER_2645,81530,curitiba,PR
SELLER_2646,16200,birigui,SP
SELLER_2647,81630,curitiba,PR
SELLER_2648,89228,joinville,SC
SELLER_2649,1026,sao paulo,SP
SELLER_2650,13905,amparo,SP
SELLER_2651,13211,jundiai,SP
SELLER_2652,14940,ibitinga,SP
SELLER_2653,9560,sao caetano do sul,SP
SELLER_2654,35044,governador valadares,MG
SELLER_2655,15170,tanabi,SP
SELLER_2656,33936,ribeirao das neves,MG
SELLER_2657,9321,maua,SP
SELLER_2658,13845,mogi guacu,SP
SELLER_2659,71551,brasilia,DF
SELLER_2660,2969,sao paulo,SP
SELLER_2661,22793,"rio de janeiro, rio de janeiro, brasil",RJ
SELLER_2662,31842,belo horizonte,MG
SELLER_2663,4705,sao paulo,SP
SELLER_2664,31910,belo horizonte,MG
SELLER_2665,20710,rio de janeiro,RJ
SELLER_2666,89041,blumenau,SC
SELLER_2667,37550,pouso alegre,MG
SELLER_2668,8820,mogi das cruzes,SP
SELLER_2669,14940,ibitinga,SP
SELLER_2670,3211,sao paulo,SP
SELLER_2671,4360,sao paulo,SP
SELLER_2672,3064,sao paulo,SP
SELLER_2673,17512,marilia,SP
SELLER_2674,6453,barueri,SP
SELLER_2675,88316,itajai,SC
SELLER_2676,13920,pedreira,SP
SELLER_2677,35180,timoteo,MG
SELLER_2678,8810,mogi das cruzes,SP
SELLER_2679,3937,sao paulo,SP
SELLER_2680,3340,sao paulo,SP
SELLER_2681,3437,sao paulo,SP
SELLER_2682,29480,muqui,ES
SELLER_2683,89255,jaragua do sul,SC
SELLER_2684,36010,juiz de fora,MG
SELLER_2685,3679,sao paulo,SP
SELLER_2686,12306,jacarei / sao paulo,SP
SELLER_2687,8615,suzano,SP
SELLER_2688,12512,guaratingueta,SP
SELLER_2689,4281,sao paulo,SP
SELLER_2690,13710,tambau,SP
SELLER_2691,13601,araras,SP
SELLER_2692,13720,sao jose do rio pardo,SP
SELLER_2693,38022,uberaba,MG
SELLER_2694,20521,rio de janeiro,RJ
SELLER_2695,84500,irati,PR
SELLER_2696,14085,riberao preto,SP
SELLER_2697,86600,rolandia,PR
SELLER_2698,37708,pocos de caldas,MG
SELLER_2699,52011,recife,PE
SELLER_2700,88063,florianopolis,SC
SELLER_2701,13253,itatiba,SP
SELLER_2702,90630,porto alegre,RS
SELLER_2703,4041,sao paulo,SP
SELLER_2704,89136,rodeio,SC
SELLER_2705,19020,presidente prudente,SP
SELLER_2706,31160,belo horizonte,SP
SELLER_2707,26510,nilopolis,RJ
SELLER_2708,20020,rio de janeiro,RJ
SELLER_2709,39400,montes claros,MG
SELLER_2710,93032,sao leopoldo,RS
SELLER_2711,12327,jacarei,SP
SELLER_2712,9981,diadema,SP
SELLER_2713,13600,sao paulo,SP
SELLER_2714,71065,brasilia,DF
SELLER_2715,41342,salvador,BA
SELLER_2716,22793,rio de janeiro,RJ
SELLER_2717,87045,maringa,PR
SELLER_2718,3121,sao paulo,SP
SELLER_2719,73813,formosa,GO
SELLER_2720,25561,sao joao de meriti,RJ
SELLER_2721,74930,aparecida de goiania,GO
SELLER_2722,3029,sao paulo,SP
SELLER_2723,3572,sao paulo,SP
SELLER_2724,37590,jacutinga,MG
SELLER_2725,89036,blumenau,SC
SELLER_2726,24020,niteroi,RJ
SELLER_2727,4771,sao paulo,SP
SELLER_2728,14025,ribeirao preto,SP
SELLER_2729,38405,uberlandia,MG
SELLER_2730,2122,sao paulo,SP
SELLER_2731,13273,valinhos,SP
SELLER_2732,31310,belo horizonte,MG
SELLER_2733,86360,bandeirantes,PR
SELLER_2734,82900,curitiba,PR
SELLER_2735,5734,sao paulo,SP
SELLER_2736,20770,rio de janeiro,RJ
SELLER_2737,15054,sao jose do rio preto,SP
SELLER_2738,14940,ibitinga,SP
SELLER_2739,2968,sao paulo,SP
SELLER_2740,89082,indaial,SC
SELLER_2741,86020,londrina,PR
SELLER_2742,82200,curitiba,PR
SELLER_2743,74835,goiania,GO
SELLER_2744,13186,hortolandia,SP
SELLER_2745,9550,sao caetano do sul,SP
SELLER_2746,55602,vitoria de santo antao,PE
SELLER_2747,13212,jundiai,SP
SELLER_2748,31565,belo horizonte,MG
SELLER_2749,14808,araraquara,SP
SELLER_2750,85950,palotina,PR
SELLER_2751,6852,itapecerica da serra,SP
SELLER_2752,36401,conselheiro lafaiete,MG
SELLER_2753,13613,leme,SP
SELLER_2754,35530,claudio,MG
SELLER_2755,1238,sao paulo,SP
SELLER_2756,5713,sao paulo,SP
SELLER_2757,5314,sao paulo,SP
SELLER_2758,87111,sarandi,PR
SELLER_2759,88137,palhoca,SC
SELLER_2760,4650,sao paulo,SP
SELLER_2761,96080,pelotas,RS
SELLER_2762,12051,taubate,SP
